0.0	0	0	0
0.1097556941	-4.04443937699892e-09	-2.54397486725801e-08	-4.43928465248551e-13
0.2195113882	4.47279827348827e-09	2.15719462491295e-09	-3.86351866282964e-13
0.3292670823	4.69925936857525e-09	-4.57658142657311e-10	-5.33585828413751e-13
0.4390227764	2.97927545852915e-09	5.29892281923293e-10	-7.38085731095652e-13
0.5487784705	3.7241157383606e-09	4.18537590851667e-10	-9.47376474809373e-13
0.6585341646	3.97054183623643e-09	1.04060288118375e-09	-1.1711306542797e-12
0.7682898587	6.68335702471619e-09	1.0248344893669e-09	-1.4060523544935e-12
0.8780455528	7.80423275370956e-09	2.70425606604196e-09	-1.63501587044009e-12
0.9878012468999999	9.59297108880914e-09	7.60967322859805e-09	-1.85811760972876e-12
1.097556941	1.17784921351517e-08	1.00339636742281e-08	-2.06934128928763e-12
1.2073126350999999	1.4621696293145e-08	1.17165617795719e-08	-2.26868334922493e-12
1.3170683292	1.73838461996241e-08	1.65832384876452e-08	-2.45808317144205e-12
1.4268240233	1.91648575780279e-08	1.99328283542067e-08	-2.63258265145683e-12
1.5365797174	2.1835129553035e-08	2.32740438550695e-08	-2.79540350401047e-12
1.6463354115	2.45526460878112e-08	2.72728868515177e-08	-2.95832369670043e-12
1.7560911056	2.64577714387056e-08	3.11895306346838e-08	-3.11174742097644e-12
1.8658467997	2.85609440846729e-08	3.44420564384484e-08	-3.2365354515515e-12
1.9756024937999999	3.11541006619091e-08	3.7914457070627e-08	-3.33805441174897e-12
2.0853581879	3.31187421895849e-08	4.12770103084003e-08	-3.41683149577786e-12
2.195113882	3.50874101821349e-08	4.42545947302252e-08	-3.48799555050729e-12
2.3048695760999998	3.71978407538442e-08	4.72278276642999e-08	-3.54165854191706e-12
2.4146252701999997	3.89654161394704e-08	5.02448022235153e-08	-3.57407099604978e-12
2.5243809642999997	4.07697416446811e-08	5.29581645099893e-08	-3.57558646073494e-12
2.6341366584	4.26245202171685e-08	5.56203297812259e-08	-3.55070902744382e-12
2.7438923525	4.45249958899144e-08	5.82885045732724e-08	-3.52082558766398e-12
2.8536480466	4.65513594484711e-08	6.06960534732722e-08	-3.47805195194402e-12
2.9634037407	4.85431250601295e-08	6.30030918202192e-08	-3.4150589207222e-12
3.0731594348	5.05272625164462e-08	6.51814749649129e-08	-3.33268241066336e-12
3.1829151289	5.25437807300135e-08	6.72117144729138e-08	-3.21350921487382e-12
3.292670823	5.44823441452961e-08	6.93307058180492e-08	-3.03933566324862e-12
3.4024265171	5.64209008921536e-08	7.14044494816745e-08	-2.83819169011662e-12
3.5121822112	5.82812237008559e-08	7.35079327887794e-08	-2.6564424643981e-12
3.6219379053	6.01163551208787e-08	7.56025237539228e-08	-2.51935648122462e-12
3.7316935994	6.19269841759426e-08	7.76914046378561e-08	-2.44983439094045e-12
3.8414492934999998	6.35433289291026e-08	7.98260368493342e-08	-2.46662635077209e-12
3.9512049875999997	6.51767821820875e-08	8.2060986609738e-08	-2.52309811804621e-12
4.0609606817	6.67739853710113e-08	8.42591906858324e-08	-2.52629844150453e-12
4.1707163758	6.82465750171264e-08	8.64868617288948e-08	-2.39907167521614e-12
4.2804720699	6.95311265120944e-08	8.88048108475489e-08	-2.2219764691335e-12
4.390227764	7.07266596368466e-08	9.11539381854975e-08	-2.08130170260963e-12
4.4999834581	7.17655200333557e-08	9.34772229257922e-08	-1.9062082640088e-12
4.6097391521999995	7.27432718958749e-08	9.59488564102213e-08	-1.62884999304708e-12
4.7194948463	7.35804845385699e-08	9.84002086875406e-08	-1.32708561393861e-12
4.8292505403999995	7.42990428904313e-08	1.00849718806794e-07	-1.02830079923617e-12
4.9390062345	7.4875186403201e-08	1.03373714710917e-07	-6.08046193258994e-13
5.048761928599999	7.53364019199419e-08	1.05916213405217e-07	-1.76249039531215e-13
5.1585176227	7.57391238431175e-08	1.08480191579675e-07	8.1587835478184e-14
5.2682733168	7.58975732718532e-08	1.11076839686246e-07	6.95755324276498e-14
5.3780290109	7.60533271474689e-08	1.13720647385615e-07	-2.19208265263003e-13
5.487784705	7.60611793837475e-08	1.16353679923102e-07	-6.95055218073946e-13
5.5975403991	7.5889885851139e-08	1.19028225419199e-07	-1.27603939350933e-12
5.7072960932	7.57340216901005e-08	1.21668337294157e-07	-1.73227963843451e-12
5.8170517873	7.54411042303489e-08	1.24435274613708e-07	-2.00769498409157e-12
5.9268074814	7.50265342737066e-08	1.27146818931418e-07	-2.54904394448333e-12
6.0365631754999995	7.45467723316045e-08	1.29931686581053e-07	-3.60384302035267e-12
6.1463188696	7.39622386444508e-08	1.32671147226356e-07	-4.91035386124024e-12
6.2560745636999995	7.32652338468923e-08	1.35489411529708e-07	-6.37232307711979e-12
6.3658302578	7.25375986189801e-08	1.38305256873171e-07	-7.74281693853231e-12
6.475585951899999	7.16662440267e-08	1.41142735854512e-07	-8.66783290577293e-12
6.585341646	7.06842553463557e-08	1.43985305748142e-07	-9.45120384586284e-12
6.695097340099999	6.96511032152271e-08	1.46860929995055e-07	-1.0342818342485e-11
6.8048530342	6.8671346028369e-08	1.49688021957033e-07	-1.09627335423467e-11
6.914608728299999	6.74751303593349e-08	1.52577408787916e-07	-1.13256622251845e-11
7.0243644224	6.62082493307219e-08	1.55444002354843e-07	-1.17239976966973e-11
7.1341201165	6.50625865504613e-08	1.58304802232824e-07	-1.21140446345977e-11
7.2438758106	6.36743971064191e-08	1.61202844657011e-07	-1.2400233678746e-11
7.3536315047	6.22718419261665e-08	1.64064058243397e-07	-1.27459811410978e-11
7.4633871988	6.07484217891073e-08	1.66840327660923e-07	-1.30359124543857e-11
7.5731428929	5.93154734917087e-08	1.6978109946609e-07	-1.26837942071387e-11
7.6828985869999995	5.76826840366293e-08	1.72681274298129e-07	-1.18408176960395e-11
7.7926542811	5.60975514716236e-08	1.75515579751164e-07	-1.08145985983867e-11
7.902409975199999	5.44418135902964e-08	1.78368088142522e-07	-9.892509654405e-12
8.0121656693	5.26514434192286e-08	1.81151270792676e-07	-9.05139198892281e-12
8.1219213634	5.08780347917731e-08	1.83935158957068e-07	-8.42766644633885e-12
8.231677057499999	4.88394312257276e-08	1.86709069968415e-07	-7.65529883665457e-12
8.3414327516	4.71554282025582e-08	1.89504419408778e-07	-6.24441483509999e-12
8.4511884457	4.52480913734741e-08	1.92196973568319e-07	-4.24492636354775e-12
8.5609441398	4.34166492977192e-08	1.949187003683e-07	-2.1108383009705e-12
8.670699833899999	4.13550995079082e-08	1.97792260680689e-07	-2.50579559702089e-13
8.780455528	3.94054984817545e-08	2.00470739080723e-07	1.15316737760804e-12
8.8902112221	3.74295301524989e-08	2.032638176844e-07	2.13191237048069e-12
8.9999669162	3.52982237341022e-08	2.06022794333676e-07	3.1287146743569e-12
9.1097226103	3.32905909799439e-08	2.08724338132885e-07	4.86977528147203e-12
9.219478304399999	3.12405795430806e-08	2.11484398954244e-07	7.89636378747275e-12
9.3292339985	2.90388970056274e-08	2.14209481542703e-07	1.16549168201346e-11
9.4389896926	2.69571528679631e-08	2.16949917671779e-07	1.52715711149235e-11
9.5487453867	2.47708044270649e-08	2.19739377836847e-07	1.83590052872416e-11
9.658501080799999	2.2630572679807e-08	2.22476812744623e-07	2.06294854825602e-11
9.7682567749	2.03733290751944e-08	2.25281412949826e-07	2.21264481627186e-11
9.878012469	1.81858217169269e-08	2.27996924994806e-07	2.26499581611329e-11
9.9877681631	1.59211884247346e-08	2.30785605661072e-07	2.16527483471881e-11
10.097523857199999	1.37235312447888e-08	2.33652629287973e-07	1.89596608925695e-11
10.2072795513	1.15186279058765e-08	2.36418606693642e-07	1.43880684264984e-11
10.3170352454	9.2259140767329e-09	2.39244911351994e-07	8.0285164040959e-12
10.4267909395	7.00304294286702e-09	2.42046140126038e-07	-5.03023207018796e-13
10.5365466336	4.65339041497098e-09	2.44919058575139e-07	-1.10450643518317e-11
10.646302327699999	2.30300777366424e-09	2.47797117842796e-07	-2.25922326287509e-11
10.7560580218	7.56694325927144e-11	2.50614881944809e-07	-3.49183573444048e-11
10.8658137159	-2.34830616479093e-09	2.5348121209763e-07	-4.85261793339283e-11
10.97556941	-4.67448425952463e-09	2.56447883839131e-07	-6.30590872270013e-11
11.085325104099999	-6.92278750122745e-09	2.5937490681996e-07	-7.80739289183691e-11
11.1950807982	-9.1900729864351e-09	2.62310206779498e-07	-9.28213951446522e-11
11.3048364923	-1.15302738921433e-08	2.65285019112256e-07	-1.07482374328453e-10
11.4145921864	-1.39513798164379e-08	2.68308506377613e-07	-1.22303179514779e-10
11.524347880499999	-1.64871754513709e-08	2.71366086098924e-07	-1.37248672346268e-10
11.6341035746	-1.86781416070302e-08	2.74306789462345e-07	-1.52869216882921e-10
11.7438592687	-2.10768944837173e-08	2.77441019018665e-07	-1.69551270950315e-10
11.8536149628	-2.35653159170911e-08	2.80544180512195e-07	-1.86665209067625e-10
11.963370656899999	-2.59730548270076e-08	2.83702334299048e-07	-2.04280668377424e-10
12.073126350999999	-2.84214014150959e-08	2.86904756233927e-07	-2.2276663000885e-10
12.1828820451	-3.09045600024914e-08	2.90101815753698e-07	-2.41971792186016e-10
12.2926377392	-3.34439803240199e-08	2.93346778377291e-07	-2.61032335589197e-10
12.4023934333	-3.59351305334742e-08	2.9667109656364e-07	-2.78839475925499e-10
12.512149127399999	-3.84939126969382e-08	2.99907661114977e-07	-2.95885490590334e-10
12.6219048215	-4.11817314030518e-08	3.03240292483599e-07	-3.12964561752857e-10
12.7316605156	-4.37694996202288e-08	3.06562745402274e-07	-3.30853508225773e-10
12.8414162097	-4.64594546500794e-08	3.09923027726364e-07	-3.49828011977304e-10
12.951171903799999	-4.9174593667751e-08	3.13281550792004e-07	-3.69755132219149e-10
13.0609275979	-5.18722756354461e-08	3.16646079559914e-07	-3.89895043461179e-10
13.170683292	-5.46555945413306e-08	3.20025170462107e-07	-4.10010072350217e-10
13.2804389861	-5.74959491343369e-08	3.23489075118013e-07	-4.31202060085221e-10
13.390194680199999	-6.03638840785183e-08	3.2690766268958e-07	-4.54567051190763e-10
13.4999503743	-6.31516967682215e-08	3.30296098602422e-07	-4.80186390510102e-10
13.6097060684	-6.60752523131817e-08	3.33724198049684e-07	-5.08049181697959e-10
13.7194617625	-6.90716239609294e-08	3.37162014650994e-07	-5.38881938754124e-10
13.829217456599999	-7.22057306602743e-08	3.40567461121401e-07	-5.74270946430533e-10
13.938973150699999	-7.51226010769441e-08	3.4395599005089e-07	-6.13964788958016e-10
14.0487288448	-7.8123660246291e-08	3.47454874401955e-07	-6.56155350740912e-10
14.1584845389	-8.12829241513055e-08	3.50859823287413e-07	-6.99944408076124e-10
14.268240233	-8.44539322737663e-08	3.54340672104525e-07	-7.44971734118672e-10
14.377995927099999	-8.7654255271121e-08	3.57754888921874e-07	-7.91217043584684e-10
14.4877516212	-9.10636561555485e-08	3.61224304446077e-07	-8.38549819202506e-10
14.5975073153	-9.46340389633446e-08	3.6463688276528e-07	-8.87613251635344e-10
14.7072630094	-9.80844278955405e-08	3.68048851163224e-07	-9.39292442312065e-10
14.817018703499999	-1.0124111060363e-07	3.71434070452257e-07	-9.9337821852702e-10
14.9267743976	-1.04125835108514e-07	3.74803904908799e-07	-1.04930560707253e-09
15.0365300917	-1.07214077893794e-07	3.781653020173e-07	-1.10673023780195e-09
15.1462857858	-1.11204862210959e-07	3.81526738022793e-07	-1.16473900152626e-09
15.256041479899999	-1.15420262936635e-07	3.84931441259976e-07	-1.22272363806157e-09
15.365797173999999	-1.19352620796496e-07	3.88258707058218e-07	-1.28082079432679e-09
15.4755528681	-1.22736258858967e-07	3.91400473266314e-07	-1.33999918488702e-09
15.5853085622	-1.25789090742102e-07	3.94399062648456e-07	-1.40079992463423e-09
15.695064256299998	-1.29248510991916e-07	3.97415752973598e-07	-1.46317600088614e-09
15.804819950399999	-1.33206558426524e-07	4.0061577532375e-07	-1.52517669171618e-09
15.9145756445	-1.37159888612763e-07	4.03710283924561e-07	-1.58583404319955e-09
16.0243313386	-1.40917899404484e-07	4.06633898022229e-07	-1.64606387756275e-09
16.1340870327	-1.44405163124162e-07	4.09479577614444e-07	-1.70735861916253e-09
16.2438427268	-1.48057176039755e-07	4.12248296583918e-07	-1.77110579401184e-09
16.3535984209	-1.51964281554997e-07	4.14988793743867e-07	-1.83796226827747e-09
16.463354114999998	-1.55804334576352e-07	4.1772797090256e-07	-1.90795215436867e-09
16.5731098091	-1.59399416130862e-07	4.20300620098716e-07	-1.98107707666285e-09
16.6828655032	-1.62934718784417e-07	4.22756197977897e-07	-2.05833246056003e-09
16.7926211973	-1.66647426384506e-07	4.25208330422128e-07	-2.13951268759671e-09
16.9023768914	-1.70427499843658e-07	4.27583597966122e-07	-2.2251310373157e-09
17.012132585499998	-1.73946090890037e-07	4.29901268263637e-07	-2.31370931271069e-09
17.1218882796	-1.77409428575682e-07	4.32031551194741e-07	-2.40385930314844e-09
17.2316439737	-1.80916877065797e-07	4.34162317866281e-07	-2.49673135982585e-09
17.341399667799998	-1.84323476106286e-07	4.36200800392892e-07	-2.59360411111962e-09
17.4511553619	-1.87722648073982e-07	4.38102429263062e-07	-2.69507940848358e-09
17.560911056	-1.90998882010184e-07	4.39973699897829e-07	-2.80002539480909e-09
17.6706667501	-1.94113833515118e-07	4.4173846322051e-07	-2.90689465890229e-09
17.7804224442	-1.97194428658724e-07	4.43459404086916e-07	-3.01573324196922e-09
17.890178138299998	-2.00233751480738e-07	4.45122912246979e-07	-3.12813971439652e-09
17.9999338324	-2.0303546914817e-07	4.46691129561025e-07	-3.24443878152475e-09
18.1096895265	-2.05691315432475e-07	4.48251361442539e-07	-3.36431428291734e-09
18.2194452206	-2.08286135519855e-07	4.497299322926e-07	-3.4872953369284e-09
18.3292009147	-2.1065216851126e-07	4.51147626003093e-07	-3.61355717153927e-09
18.438956608799998	-2.12914743292919e-07	4.52564181375038e-07	-3.74309375682655e-09
18.5487123029	-2.1506652342345e-07	4.5390298106808e-07	-3.87574731099608e-09
18.658467997	-2.17053619918441e-07	4.55197528947871e-07	-4.01193906609538e-09
18.768223691099998	-2.18799463765305e-07	4.56487948421745e-07	-4.15166403260215e-09
18.8779793852	-2.2040750249811e-07	4.57779879642532e-07	-4.2949770804974e-09
18.9877350793	-2.21891086262238e-07	4.59074162558664e-07	-4.44238242986033e-09
19.0974907734	-2.23201726044427e-07	4.60384011295738e-07	-4.59419922894041e-09
19.2072464675	-2.24275460736368e-07	4.61666645078217e-07	-4.75153196883346e-09
19.317002161599998	-2.25131202224226e-07	4.62972144693591e-07	-4.91513299273289e-09
19.4267578557	-2.25896915076169e-07	4.64292737580411e-07	-5.08443260834299e-09
19.5365135498	-2.26507020410932e-07	4.65689710426326e-07	-5.25899330235905e-09
19.6462692439	-2.26936435260467e-07	4.67092951752185e-07	-5.43866856616496e-09
19.756024938	-2.27165006171428e-07	4.68559252704473e-07	-5.62250464496606e-09
19.865780632099998	-2.27180742904188e-07	4.69935653642866e-07	-5.8100816664381e-09
19.9755363262	-2.26944170903592e-07	4.71519477854587e-07	-6.00350924397989e-09
20.0852920203	-2.26568933661386e-07	4.73055705041317e-07	-6.20547548742812e-09
20.195047714399998	-2.2600430230909e-07	4.74795981705015e-07	-6.41690550497288e-09
20.3048034085	-2.25257072161864e-07	4.76595767578763e-07	-6.63659238566342e-09
20.4145591026	-2.24337619865912e-07	4.78487657160416e-07	-6.86135328755862e-09
20.5243147967	-2.23153741985101e-07	4.80527471643581e-07	-7.08981450887616e-09
20.6340704908	-2.21707078301678e-07	4.82553166372902e-07	-7.32206848417955e-09
20.743826184899998	-2.20154890490823e-07	4.84779284092833e-07	-7.56015166986656e-09
20.853581879	-2.18589801337456e-07	4.87138422734231e-07	-7.8043499558013e-09
20.9633375731	-2.16813040296362e-07	4.89658282354133e-07	-8.05399075553054e-09
21.0730932672	-2.14724851624171e-07	4.9230487182503e-07	-8.30780481713562e-09
21.1828489613	-2.12499909968017e-07	4.95086436132991e-07	-8.564832283613e-09
21.292604655399998	-2.10139176561191e-07	4.98029958801108e-07	-8.82550900136176e-09
21.4023603495	-2.07699221861891e-07	5.01224313326477e-07	-9.09069590305087e-09
21.5121160436	-2.05094650884333e-07	5.045864034929e-07	-9.36039178302594e-09
21.621871737699998	-2.02281507410728e-07	5.08088601987033e-07	-9.63423539090598e-09
21.7316274318	-1.993928332404e-07	5.11791955689794e-07	-9.91215929173079e-09
21.8413831259	-1.96306589273934e-07	5.15646491015287e-07	-1.01938181647484e-08
21.95113882	-1.93118111296263e-07	5.19727967875499e-07	-1.04772299975177e-08
22.0608945141	-1.8973841445621e-07	5.23971227009153e-07	-1.07614856595521e-08
22.170650208199998	-1.86377985597189e-07	5.2846791897985e-07	-1.10448027174939e-08
22.2804059023	-1.82855476329097e-07	5.33148501924303e-07	-1.13267570449147e-08
22.3901615964	-1.79240609233412e-07	5.38018033800143e-07	-1.16648708373714e-08
22.499917290499997	-1.75601481718429e-07	5.43174861936901e-07	-1.1886406627881e-08
22.6096729846	-1.71659255980178e-07	5.4855552210814e-07	-1.21656448863197e-08
22.719428678699998	-1.67793455516888e-07	5.54064857891043e-07	-1.24445225576433e-08
22.8291843728	-1.63809958970279e-07	5.59794034987593e-07	-1.27208597027026e-08
22.9389400669	-1.59789156932953e-07	5.65801573428316e-07	-1.29920612424728e-08
23.048695760999998	-1.55701137652279e-07	5.72052591004215e-07	-1.32558640934186e-08
23.1584514551	-1.51617722697173e-07	5.78519905132086e-07	-1.35133901770193e-08
23.2682071492	-1.47310367348694e-07	5.85205987413286e-07	-1.37653103947911e-08
23.3779628433	-1.43056538482581e-07	5.92124440008154e-07	-1.40115789507029e-08
23.4877185374	-1.38829960509108e-07	5.9936933476548e-07	-1.42514038686526e-08
23.597474231499998	-1.34561992187815e-07	6.06812607152201e-07	-1.44833835544384e-08
23.7072299256	-1.30285306848014e-07	6.14480896041174e-07	-1.47072520270193e-08
23.8169856197	-1.25897170424743e-07	6.2235889930259e-07	-1.49209374071984e-08
23.926741313799997	-1.21558562387446e-07	6.30456827038606e-07	-1.51246453502549e-08
24.0364970079	-1.17242666357706e-07	6.38842020333624e-07	-1.53178421465942e-08
24.146252701999998	-1.12861725318688e-07	6.47401642788477e-07	-1.55003565339773e-08
24.2560083961	-1.08534492053132e-07	6.56284504281111e-07	-1.56719868032523e-08
24.3657640902	-1.04251508332775e-07	6.65312177646911e-07	-1.58327551846108e-08
24.475519784299998	-1.00044546701293e-07	6.74602646679136e-07	-1.59820707386462e-08
24.5852754784	-9.57199682994249e-08	6.84233969620037e-07	-1.61204371794181e-08
24.6950311725	-9.14908055303833e-08	6.93821694079505e-07	-1.6248420500593e-08
24.8047868666	-8.72881472031738e-08	7.03859103782321e-07	-1.63660798253273e-08
24.9145425607	-8.31280459452332e-08	7.14056271791809e-07	-1.64723655689902e-08
25.024298254799998	-7.90068421175909e-08	7.24524024413816e-07	-1.65667182657514e-08
25.1340539489	-7.49375240414254e-08	7.35254546426895e-07	-1.66482488378512e-08
25.243809643	-7.09139664429971e-08	7.46165639400984e-07	-1.67181365635617e-08
25.353565337099997	-6.69840271200549e-08	7.57319354317419e-07	-1.67777668726074e-08
25.4633210312	-6.30749328776495e-08	7.68712569932223e-07	-1.68297589188265e-08
25.573076725299998	-5.93288605087185e-08	7.8036988826433e-07	-1.68748670461236e-08
25.6828324194	-5.56267217978214e-08	7.9224551892741e-07	-1.69110356305565e-08
25.7925881135	-5.20447275713685e-08	8.04373701261235e-07	-1.69364309760475e-08
25.902343807599998	-4.85791509622355e-08	8.16725267370629e-07	-1.69464332226116e-08
26.0120995017	-4.52454840261001e-08	8.29211329262744e-07	-1.69418532295446e-08
26.1218551958	-4.19763491554615e-08	8.42074228336135e-07	-1.69227887115998e-08
26.231610889899997	-3.892415121535e-08	8.55167245976395e-07	-1.68937113923068e-08
26.341366584	-3.5875298170699e-08	8.68361196531509e-07	-1.68552718157916e-08
26.451122278099998	-3.29630859500518e-08	8.81847964359876e-07	-1.68081058698631e-08
26.5608779722	-3.0265502833447e-08	8.95510753562102e-07	-1.67513025157319e-08
26.6706336663	-2.76394955284521e-08	9.09478605173386e-07	-1.66827971025111e-08
26.780389360399997	-2.52782625401555e-08	9.23607875513036e-07	-1.66026144842479e-08
26.8901450545	-2.29085707184021e-08	9.37967841652048e-07	-1.65083155542026e-08
26.9999007486	-2.0785307789656e-08	9.52503407046725e-07	-1.63972812875953e-08
27.1096564427	-1.89304574755051e-08	9.67246894065189e-07	-1.62688290463881e-08
27.2194121368	-1.70511629735183e-08	9.82189147085501e-07	-1.61237683828632e-08
27.329167830899998	-1.5441152554019e-08	9.97380918285112e-07	-1.59642216869072e-08
27.438923525	-1.38602618741975e-08	1.01273371014561e-06	-1.57908540940996e-08
27.5486792191	-1.24098625905447e-08	1.02817947334535e-06	-1.56042057891135e-08
27.658434913199997	-1.10778562278286e-08	1.04395566501568e-06	-1.54020802591464e-08
27.7681906073	-9.94955313535328e-09	1.0599209030912e-06	-1.51817726987758e-08
27.877946301399998	-9.03964517898096e-09	1.07606667838804e-06	-1.49427400975484e-08
27.9877019955	-8.4255841709072e-09	1.0923943933854e-06	-1.46849887291586e-08
28.0974576896	-8.16460217318919e-09	1.10891174963973e-06	-1.44093928921043e-08
28.207213383699997	-8.2701858549407e-09	1.12560398440194e-06	-1.41174165385237e-08
28.3169690778	-8.67990164833162e-09	1.14246049095641e-06	-1.3809994484857e-08
28.4267247719	-9.25344546725716e-09	1.15946822289083e-06	-1.34885698489085e-08
28.536480466	-9.80996156571235e-09	1.17661396774686e-06	-1.31508554952311e-08
28.6462361601	-1.02440444882444e-08	1.19386450464847e-06	-1.27982739958095e-08
28.755991854199998	-1.05493047918175e-08	1.21138042381992e-06	-1.24296865688332e-08
28.8657475483	-1.07488437905128e-08	1.22889190420778e-06	-1.20450947412707e-08
28.9755032424	-1.11569460581472e-08	1.24674311651971e-06	-1.16461609934136e-08
29.085258936499997	-1.23218040333506e-08	1.26480901065666e-06	-1.12346656495485e-08
29.1950146306	-1.42326925010219e-08	1.28306270765721e-06	-1.0812185525833e-08
29.304770324699998	-1.69267406017371e-08	1.30140696893811e-06	-1.03769973908259e-08
29.4145260188	-2.01404390643896e-08	1.31996485159474e-06	-9.92703576905792e-09
29.5242817129	-2.34788139577231e-08	1.3385412307478e-06	-9.46171784033226e-09
29.634037406999997	-2.65242901354913e-08	1.35724862183516e-06	-8.98149882074402e-09
29.7437931011	-2.92185865876213e-08	1.37585742652972e-06	-8.48788705870041e-09
29.8535487952	-3.1501902574e-08	1.39461001328696e-06	-7.98070358400592e-09
29.9633044893	-3.38033365846295e-08	1.41346916657867e-06	-7.4595789221257e-09
30.0730601834	-3.6617255693116e-08	1.43265943818758e-06	-6.92610269463996e-09
30.182815877499998	-4.02383820701779e-08	1.45212483057097e-06	-6.37893680767178e-09
30.2925715716	-4.48100382763045e-08	1.47175738307158e-06	-5.81754940761241e-09
30.4023272657	-4.99298182325885e-08	1.49153546722787e-06	-5.24140953546578e-09
30.512082959799997	-5.53420974258558e-08	1.51130660784758e-06	-4.65079707188718e-09
30.6218386539	-6.06944719081067e-08	1.53108353347234e-06	-4.04538395019601e-09
30.731594347999998	-6.57831060915066e-08	1.55085724994553e-06	-3.42426052546291e-09
30.8413500421	-7.08583401802248e-08	1.57076403459801e-06	-2.7871901658683e-09
30.9511057362	-7.60602855700271e-08	1.59084924931939e-06	-2.13351196545078e-09
31.060861430299997	-8.1758369068665e-08	1.6110203120466e-06	-1.46370624307272e-09
31.1706171244	-8.79999133282988e-08	1.63141444873525e-06	-7.79002497893007e-10
31.2803728185	-9.47829390465752e-08	1.65193795292192e-06	-8.02820783654093e-11
31.390128512599997	-1.02117069505688e-07	1.67255625168246e-06	6.32244388562578e-10
31.4998842067	-1.09673409680638e-07	1.69315992719777e-06	1.35854527151086e-09
31.609639900799998	-1.17371694563336e-07	1.71375484015411e-06	2.09806075927448e-09
31.7193955949	-1.25316138249963e-07	1.73458954709802e-06	2.84858050069203e-09
31.829151289	-1.33456130169769e-07	1.75532356170671e-06	3.60747254532861e-09
31.938906983099997	-1.41993712098974e-07	1.77608229540917e-06	4.37372478574922e-09
32.0486626772	-1.50814186202744e-07	1.79703377088681e-06	5.14886662057457e-09
32.1584183713	-1.60068763467099e-07	1.81794603841812e-06	5.93359067547939e-09
32.2681740654	-1.69758348927054e-07	1.83899934942748e-06	6.72619294944234e-09
32.3779297595	-1.79891766825221e-07	1.86012472151342e-06	7.52551799613069e-09
32.4876854536	-1.90420839191247e-07	1.88123601666886e-06	8.33105735024798e-09
32.597441147699996	-2.01471816605826e-07	1.90234685271987e-06	9.14293872228704e-09
32.7071968418	-2.12747084913138e-07	1.92351058616764e-06	9.96183308826778e-09
32.8169525359	-2.24544840027604e-07	1.94474898289389e-06	1.0787945635847e-08
32.926708229999996	-2.36649634336228e-07	1.96583693032483e-06	1.16201080834499e-08
33.0364639241	-2.4906092260491e-07	1.98703622081715e-06	1.24575243472075e-08
33.1462196182	-2.62016213796151e-07	2.00816523680007e-06	1.32992070121824e-08
33.255975312299995	-2.75468554111229e-07	2.02932025071231e-06	1.4146082389298e-08
33.3657310064	-2.8937732426404e-07	2.05045715852169e-06	1.4997337742734e-08
33.4754867005	-3.03926573177531e-07	2.07159473495883e-06	1.58550149726512e-08
33.5852423946	-3.18966504466595e-07	2.09261779502692e-06	1.67198452127954e-08
33.6949980887	-3.34505562104221e-07	2.11361274708152e-06	1.75928327747252e-08
33.8047537828	-3.50569168859842e-07	2.13447198138262e-06	1.8472662619905e-08
33.9145094769	-3.67156328053525e-07	2.15522746122023e-06	1.93571878660414e-08
34.024265170999996	-3.84267679906946e-07	2.17583926521593e-06	2.02450592452994e-08
34.1340208651	-4.01923002352013e-07	2.19629218991769e-06	2.11368604864352e-08
34.2437765592	-4.20158162071231e-07	2.21658173777378e-06	2.20355584534121e-08
34.353532253299996	-4.39053744191899e-07	2.23667638604178e-06	2.29431829983417e-08
34.4632879474	-4.58398576722042e-07	2.25653768445239e-06	2.38605237566999e-08
34.5730436415	-4.78353482426088e-07	2.27622819875239e-06	2.47865640115465e-08
34.682799335599995	-4.98975487226658e-07	2.29542720955212e-06	2.57201358542805e-08
34.7925550297	-5.20130041026505e-07	2.31452618744048e-06	2.66598211831824e-08
34.9023107238	-5.4171408282859e-07	2.33324470530865e-06	2.76055021547652e-08
35.0120664179	-5.63906675183167e-07	2.35158384879453e-06	2.85588292393333e-08
35.121822112	-5.86854813715976e-07	2.36947303354758e-06	2.95223399035264e-08
35.2315778061	-6.10373297156807e-07	2.38716404639471e-06	3.04967967931131e-08
35.3413335002	-6.34229424560225e-07	2.40450058217405e-06	3.14817565814321e-08
35.451089194299996	-6.59095502162478e-07	2.42121870072028e-06	3.26547610154733e-08
35.5608448884	-6.84309810755909e-07	2.43750870925966e-06	3.34867994098199e-08
35.6706005825	-7.10136760622993e-07	2.45329968092728e-06	3.4505124883074e-08
35.780356276599996	-7.36489986375272e-07	2.46853354814808e-06	3.55313437927134e-08
35.8901119707	-7.63381167919303e-07	2.48323336982381e-06	3.65653242082512e-08
35.9998676648	-7.9084668553669e-07	2.49730700223945e-06	3.76080809059817e-08
36.109623358899995	-8.18857356765411e-07	2.51076655697406e-06	3.86618089890202e-08
36.219379053	-8.47459784007519e-07	2.52359367781799e-06	3.9729492237466e-08
36.3291347471	-8.76475662439384e-07	2.53570869666029e-06	4.08142636409165e-08
36.4388904412	-9.06038095312511e-07	2.54718358014261e-06	4.19162671060946e-08
36.5486461353	-9.36155470756297e-07	2.55779769583705e-06	4.30351633186356e-08
36.6584018294	-9.66686295407012e-07	2.56767774157346e-06	4.41695705408704e-08
36.7681575235	-9.9764077414287e-07	2.57677643166856e-06	4.531989000182e-08
36.877913217599996	-1.02901949307748e-06	2.58496217990348e-06	4.64871578187345e-08
36.9876689117	-1.06078077311232e-06	2.59234074572477e-06	4.76729446133692e-08
37.0974246058	-1.09290509068173e-06	2.59884593750378e-06	4.94137363854335e-08
37.207180299899996	-1.12529396057038e-06	2.60446472723239e-06	5.00936197881556e-08
37.316935994	-1.15805850839361e-06	2.60904012516634e-06	5.13302308852517e-08
37.4266916881	-1.19119298324732e-06	2.61265176261852e-06	5.2583179050553e-08
37.536447382199995	-1.22448531588863e-06	2.61526496626802e-06	5.38527021741395e-08
37.6462030763	-1.25796493121311e-06	2.6169700235533e-06	5.51449595256367e-08
37.7559587704	-1.291555337426e-06	2.61746120730786e-06	5.64564720650541e-08
37.8657144645	-1.32562790353438e-06	2.61710066437497e-06	5.77884147783988e-08
37.9754701586	-1.359462838707e-06	2.61552359627518e-06	5.91370711070742e-08
38.0852258527	-1.39354249092034e-06	2.61294628625939e-06	6.05013457303301e-08
38.1949815468	-1.42763848091662e-06	2.60924320167532e-06	6.18830360556877e-08
38.304737240899996	-1.46172892090317e-06	2.60433948805363e-06	6.32845032197442e-08
38.414492935	-1.49574194170138e-06	2.59836961930682e-06	6.47038532963761e-08
38.5242486291	-1.52964446842739e-06	2.59120263445968e-06	6.61436095220084e-08
38.634004323199996	-1.56358084053243e-06	2.58292128578927e-06	6.76040953617911e-08
38.7437600173	-1.59729737533702e-06	2.57343481965035e-06	6.90839086739297e-08
38.8535157114	-1.63087842373042e-06	2.56273915846299e-06	7.05790404924014e-08
38.963271405499995	-1.66421681559438e-06	2.55089953628491e-06	7.20932290708901e-08
39.0730270996	-1.69720959491893e-06	2.53778902818217e-06	7.36267560155423e-08
39.1827827937	-1.72990468868565e-06	2.52339895669947e-06	7.51802691358023e-08
39.2925384878	-1.76219956310779e-06	2.50774556628356e-06	7.67555701491746e-08
39.4022941819	-1.79385432836889e-06	2.49107190027776e-06	7.83504051471839e-08
39.512049876	-1.82518187578284e-06	2.47296508198594e-06	7.99610844802108e-08
39.6218055701	-1.85599064515423e-06	2.45369665568343e-06	8.15852419849513e-08
39.731561264199996	-1.88633335325918e-06	2.43321558055379e-06	8.32213046192184e-08
39.8413169583	-1.91599011230055e-06	2.41152496764901e-06	8.48731120198138e-08
39.9510726524	-1.94489937442773e-06	2.38857943070618e-06	8.65377892682368e-08
40.060828346499996	-1.97294460983584e-06	2.36447661767886e-06	8.82174007227228e-08
40.1705840406	-2.00003095685744e-06	2.33915469194379e-06	8.99101655222963e-08
40.2803397347	-2.02616573934975e-06	2.31265393739738e-06	9.18873344989721e-08
40.390095428799995	-2.05151995417042e-06	2.28502275195518e-06	9.3329541780918e-08
40.4998511229	-2.07600218504295e-06	2.25636544357975e-06	9.50546877723955e-08
40.609606817	-2.09978932684373e-06	2.22663435366945e-06	9.67956878050132e-08
40.7193625111	-2.12256497792371e-06	2.19581341821755e-06	9.85375619917969e-08
40.8291182052	-2.14401086768141e-06	2.16389151701416e-06	1.00290472970683e-07
40.9388738993	-2.16384530644952e-06	2.13097673676966e-06	1.02047650936404e-07
41.0486295934	-2.18213872498631e-06	2.09713235207824e-06	1.0380866990783e-07
41.158385287499996	-2.1990313003168e-06	2.06228751568546e-06	1.05577014778385e-07
41.2681409816	-2.21477610334502e-06	2.0266947510247e-06	1.07357750138396e-07
41.3778966757	-2.22958937463761e-06	1.99022108224477e-06	1.09152929609012e-07
41.487652369799996	-2.24322266060016e-06	1.95317491364519e-06	1.10965665749602e-07
41.5974080639	-2.25529328722007e-06	1.91536362664958e-06	1.13453803724772e-07
41.707163758	-2.2654842904164e-06	1.87681793189919e-06	1.14616622567875e-07
41.816919452099995	-2.2736976583737e-06	1.83756885647402e-06	1.16453179486918e-07
41.9266751462	-2.2799967294299e-06	1.79777690873846e-06	1.18296622364573e-07
42.0364308403	-2.28489692739883e-06	1.75770215394032e-06	1.20151175702048e-07
42.1461865344	-2.28841259738611e-06	1.71706085330916e-06	1.22022534044063e-07
42.2559422285	-2.29049575572778e-06	1.67620154607416e-06	1.23913871789373e-07
42.3656979226	-2.29090160312996e-06	1.63504246272761e-06	1.25826612207855e-07
42.4754536167	-2.28937956303135e-06	1.59360392667325e-06	1.27754906557546e-07
42.585209310799996	-2.28584803454282e-06	1.55196994531145e-06	1.29696430856825e-07
42.6949650049	-2.28034203479679e-06	1.51027298354069e-06	1.31646552062588e-07
42.804720699	-2.27324554139771e-06	1.46859554597892e-06	1.3360799191362e-07
42.914476393099996	-2.26447415843285e-06	1.42705852563011e-06	1.35605110002358e-07
43.0242320872	-2.25408209245556e-06	1.38566897425398e-06	1.37619339987283e-07
43.1339877813	-2.2419545205827e-06	1.34448434384448e-06	1.40079518391648e-07
43.243743475399995	-2.22800878018412e-06	1.30356843662952e-06	1.41705369123422e-07
43.3534991695	-2.21223806991909e-06	1.2630123384523e-06	1.43772929874602e-07
43.4632548636	-2.19469201478086e-06	1.2228775713491e-06	1.45862176764228e-07
43.573010557699995	-2.17548174853704e-06	1.18330095676116e-06	1.47965503096095e-07
43.6827662518	-2.1545837087066e-06	1.14430856999778e-06	1.50089980730416e-07
43.7925219459	-2.13214569026392e-06	1.10593908363116e-06	1.5223859943247e-07
43.90227764	-2.10806086738876e-06	1.06836165535152e-06	1.54403039017487e-07
44.012033334099996	-2.08250477331761e-06	1.03147722326049e-06	1.56585301328349e-07
44.1217890282	-2.05538938694044e-06	9.95504258240486e-07	1.58784039457504e-07
44.2315447223	-2.02674693340137e-06	9.60423374436677e-07	1.61000554498976e-07
44.341300416399996	-1.99658252869802e-06	9.26332847831586e-07	1.63236534108205e-07
44.4510561105	-1.96501698234203e-06	8.93231892538243e-07	1.6549306687337e-07
44.5608118046	-1.93213340836518e-06	8.61183210757746e-07	1.67768405774055e-07
44.670567498699995	-1.8980684564445e-06	8.30278192593909e-07	1.68254295139321e-07
44.7803231928	-1.86283394929903e-06	8.00625313157986e-07	1.72351460339223e-07
44.8900788869	-1.82643894467527e-06	7.72024807276009e-07	1.74665780040906e-07
44.999834580999995	-1.78890015262663e-06	7.44770704989498e-07	1.77129211781687e-07
45.1095902751	-1.75030632555747e-06	7.18771739381611e-07	1.79325747024884e-07
45.2193459692	-1.71085725179474e-06	6.94028235045227e-07	1.81672123890262e-07
45.3291016633	-1.67051727862199e-06	6.70642598103257e-07	1.84028000997648e-07
45.438857357399996	-1.62943305081512e-06	6.48570135904149e-07	1.86453816142596e-07
45.5486130515	-1.58764693172338e-06	6.27746601404213e-07	1.88763479505289e-07
45.6583687456	-1.54517732917274e-06	6.08383845100852e-07	1.91141542449649e-07
45.768124439699996	-1.5021609305409e-06	5.90303730546472e-07	1.93525001882879e-07
45.8778801338	-1.4586637922313e-06	5.73500995451274e-07	1.95908403801933e-07
45.9876358279	-1.41462273814136e-06	5.58022491899806e-07	1.96337595014489e-07
46.097391521999995	-1.37021183022503e-06	5.43765777767021e-07	2.00654462894181e-07
46.2071472161	-1.32547578227136e-06	5.30718829602934e-07	2.03041545198043e-07
46.3169029102	-1.28052417581127e-06	5.18903036827062e-07	2.05433377799009e-07
46.426658604299995	-1.23531378120719e-06	5.08256033014272e-07	2.078082548987e-07
46.5364142984	-1.18980895253239e-06	4.98707969925212e-07	2.10217954897245e-07
46.6461699925	-1.14411321802248e-06	4.90258263483127e-07	2.12620431946393e-07
46.7559256866	-1.09840514339601e-06	4.82808942165628e-07	2.15027160654875e-07
46.865681380699996	-1.05267080332465e-06	4.76435257359114e-07	2.17439375034759e-07
46.9754370748	-1.02975088540384e-06	4.73586714626787e-07	2.18647667412711e-07
47.0851927689	-9.60862239071095e-07	4.6656336550273e-07	2.22269232943599e-07
47.194948462999996	-9.14951186493751e-07	4.63081789686548e-07	2.24700194265277e-07
47.3047041571	-8.6894033633096e-07	4.60162722295757e-07	2.27137629144524e-07
47.4144598512	-8.22930979346149e-07	4.58239100425697e-07	2.29580381556835e-07
47.524215545299995	-7.76954849147647e-07	4.57088083956674e-07	2.32028471020314e-07
47.6339712394	-7.3093199080909e-07	4.5656303077906e-07	2.34484148806024e-07
47.7437269335	-6.84868132335844e-07	4.56805066082597e-07	2.38214319505683e-07
47.853482627599995	-6.39016948982342e-07	4.57659795105529e-07	2.39432763024937e-07
47.9632383217	-5.92887519873375e-07	4.59129504097009e-07	2.41923313240049e-07
48.0729940158	-5.46754195514718e-07	4.61006527610511e-07	2.4442423315765e-07
48.1827497099	-5.00663158001282e-07	4.63483477506233e-07	2.46935065846781e-07
48.292505403999996	-4.5444196891865e-07	4.66388970249609e-07	2.49457200740782e-07
48.4022610981	-4.08144851345912e-07	4.69724202102926e-07	2.51909640647228e-07
48.5120167922	-3.61489050897526e-07	4.73506029870591e-07	2.545013659457e-07
48.621772486299996	-3.14627816180602e-07	4.7762053810054e-07	2.5706687515956e-07
48.7315281804	-2.67435054481094e-07	4.82074018683708e-07	2.59649634605803e-07
48.8412838745	-2.19894921653632e-07	4.86962376082364e-07	2.62249820447156e-07
48.951039568599995	-1.72037189612063e-07	4.91999402712099e-07	2.64842423259467e-07
49.0607952627	-1.23769121795566e-07	4.97543411445339e-07	2.6747558155332e-07
49.1705509568	-7.49720419604355e-08	5.03334746218618e-07	2.70123891168517e-07
49.280306650899995	-2.5632931624098e-08	5.09569558519467e-07	2.72029117312113e-07
49.390062345	2.44537553447845e-08	5.16092881890368e-07	2.75450503289214e-07
49.4998180391	7.51482374711256e-08	5.23080717655581e-07	2.781303037465e-07
49.6095737332	1.26629277240474e-07	5.30495979910529e-07	2.80822422503431e-07
49.719329427299996	1.78890863760119e-07	5.38298294425865e-07	2.83880192894489e-07
49.8290851214	2.32026186539254e-07	5.46849498606406e-07	2.86240134921669e-07
49.9388408155	2.85913035965769e-07	5.55836464431585e-07	2.89908408442825e-07
50.048596509599996	3.40756858648462e-07	5.65447344670104e-07	2.91679338165895e-07
50.1583522037	3.9645350686282e-07	5.75766090040999e-07	2.94437243310137e-07
50.2681078978	4.53428859227767e-07	5.86762725708235e-07	2.97204362946644e-07
50.377863591899995	5.11538808436526e-07	5.98514797093665e-07	2.99979392070576e-07
50.487619286	5.70719372286785e-07	6.11240529116053e-07	3.0272398771982e-07
50.5973749801	6.31063238241498e-07	6.24758009051662e-07	3.05515554725552e-07
50.707130674199995	6.92548056297589e-07	6.39562285628592e-07	3.08314856448246e-07
50.8168863683	7.55211983549466e-07	6.55345055452504e-07	3.11119849692707e-07
50.9266420624	8.19190553793498e-07	6.72491391821634e-07	3.13905325662347e-07
51.0363977565	8.84443844303688e-07	6.91036165485512e-07	3.16728769650442e-07
51.146153450599996	9.50913379437844e-07	7.11084404270599e-07	3.19547302052688e-07
51.2559091447	1.01868334756663e-06	7.3271789479218e-07	3.22502960547488e-07
51.3656648388	1.08747381575389e-06	7.56223629603761e-07	3.25214074593488e-07
51.475420532899996	1.15745579780917e-06	7.81545086834624e-07	3.28053625374091e-07
51.585176227	1.22856801280434e-06	8.08848493636757e-07	3.30894704469069e-07
51.6949319211	1.30082592698214e-06	8.38231360328629e-07	3.33736403784248e-07
51.804687615199995	1.37404026359044e-06	8.69847802850678e-07	3.35704676498673e-07
51.9144433093	1.44817458357463e-06	9.03794538699567e-07	3.40303956183452e-07
52.0241990034	1.52314818785732e-06	9.40177118756904e-07	3.42276911767555e-07
52.133954697499995	1.598851385393e-06	9.79053605154981e-07	3.45122258098003e-07
52.2437103916	1.67527879921092e-06	1.02060667850474e-06	3.47970498563765e-07
52.3534660857	1.75226774125696e-06	1.06485711666349e-06	3.5082328982939e-07
52.463221779799994	1.829745513011e-06	1.11186940666671e-06	3.53243035209042e-07
52.572977473899996	1.90759404959868e-06	1.1617285302363e-06	3.57240989113273e-07
52.682733168	1.98566680898368e-06	1.21459892060916e-06	3.5953672149229e-07
52.7924888621	2.06404882077355e-06	1.27028700233526e-06	3.62267612372029e-07
52.902244556199996	2.14255890469196e-06	1.32910752979933e-06	3.65124688625486e-07
53.0120002503	2.2208953391659e-06	1.3911308075449e-06	3.6798427248639e-07
53.1217559444	2.29910147300279e-06	1.45632585257962e-06	3.70850297983237e-07
53.231511638499995	2.37694228442471e-06	1.52480755565226e-06	3.73723976590176e-07
53.3412673326	2.45429464125084e-06	1.59659498889305e-06	3.76604015112118e-07
53.4510230267	2.53106130113996e-06	1.67176587674935e-06	3.79488919057098e-07
53.560778720799995	2.60695800670071e-06	1.75022284906853e-06	3.82378355663017e-07
53.6705344149	2.6820183807566e-06	1.83204637695035e-06	3.8527292814859e-07
53.780290109	2.75601512849627e-06	1.91725621678944e-06	3.88174973761901e-07
53.890045803099994	2.8288081396447e-06	2.00585829844554e-06	3.91026654161306e-07
53.9998014972	2.90022163440625e-06	2.09789421573117e-06	3.94020922026298e-07
54.1095571913	2.9701168527231e-06	2.1933499619303e-06	3.96957802403308e-07
54.2193128854	3.03828713993165e-06	2.29214000360359e-06	3.99904745244251e-07
54.329068579499996	3.104578272946e-06	2.39440665191189e-06	4.02859250031036e-07
54.4388242736	3.16881668655296e-06	2.49998967416779e-06	4.05820305658407e-07
54.5485799677	3.23088530527078e-06	2.60887548996079e-06	4.0878952835894e-07
54.658335661799995	3.29051286187761e-06	2.7209908087705e-06	4.11770538890643e-07
54.7680913559	3.34759339886214e-06	2.83634348713995e-06	4.14766502436787e-07
54.87784705	3.40202170944872e-06	2.95479253213834e-06	4.17781117058204e-07
54.987602744099995	3.45356795966869e-06	3.07632032649439e-06	4.2081608095529e-07
55.0973584382	3.50206329691081e-06	3.2008366239062e-06	4.23873053307748e-07
55.2071141323	3.54738823810888e-06	3.32828993688941e-06	4.26953035128879e-07
55.316869826399994	3.58937368015373e-06	3.45856270656423e-06	4.30055758323228e-07
55.4266255205	3.6278577769014e-06	3.59154867657873e-06	4.3317917212097e-07
55.5363812146	3.66267604870468e-06	3.72714028339565e-06	4.36422830825411e-07
55.6461369087	3.69368932475276e-06	3.86521291919753e-06	4.39790714881251e-07
55.755892602799996	3.72077479634046e-06	4.00564340767083e-06	4.42509296061206e-07
55.8656482969	3.74381019911508e-06	4.14828585554412e-06	4.45854434322694e-07
55.975403991	3.76268109937809e-06	4.29299546848131e-06	4.4910069922005e-07
56.085159685099995	3.7773131729999e-06	4.43965606239442e-06	4.52367344817324e-07
56.1949153792	3.7875272513509e-06	4.58804518502052e-06	4.55469504605124e-07
56.3046710733	3.79323541112301e-06	4.73810166725783e-06	4.58750189568425e-07
56.414426767399995	3.79436769358528e-06	4.88973330584183e-06	4.61993306596898e-07
56.5241824615	3.79079843695531e-06	5.04239195462988e-06	4.65241621132683e-07
56.6339381556	3.78224111785481e-06	5.19630559023671e-06	4.68494470011991e-07
56.743693849699994	3.7687098343757e-06	5.35117218832069e-06	4.7175225705172e-07
56.8534495438	3.75003580872021e-06	5.50680715573453e-06	4.750142672481e-07
56.9632052379	3.72608505256063e-06	5.66303211486515e-06	4.78279634586173e-07
57.072960932	3.69679514699782e-06	5.81950556300771e-06	4.81988179252912e-07
57.182716626099996	3.66227877538137e-06	5.97633865587885e-06	4.84816118020916e-07
57.2924723202	3.62219697274608e-06	6.13318514657595e-06	4.88049460751424e-07
57.4022280143	3.57646399566065e-06	6.28989377792249e-06	4.91397311292984e-07
57.511983708399995	3.52530380127883e-06	6.44619763469791e-06	4.94700078019863e-07
57.6217394025	3.46845944798342e-06	6.60180063450743e-06	4.98003540854286e-07
57.7314950966	3.40594466564214e-06	6.75635703926172e-06	5.01302463032446e-07
57.841250790699995	3.33774704392624e-06	6.90949672076833e-06	5.0458901977979e-07
57.9510064848	3.2638864606225e-06	7.06082179821423e-06	5.07856572322265e-07
58.0607621789	3.18434527923585e-06	7.21019213981283e-06	5.11102330690642e-07
58.170517872999994	3.09937632122098e-06	7.35714051218093e-06	5.14259966441779e-07
58.2802735671	3.0089468395603e-06	7.50168208006106e-06	5.17550858915957e-07
58.3900292612	2.91320848660046e-06	7.64364192855361e-06	5.20743009284888e-07
58.4997849553	2.81223826536956e-06	7.78283205959715e-06	5.23916157534512e-07
58.609540649399996	2.70603441931651e-06	7.91895351070397e-06	5.27065967010342e-07
58.7192963435	2.59459930516577e-06	8.05171243959385e-06	5.30187607390292e-07
58.8290520376	2.47788486941658e-06	8.18072718235721e-06	5.33277349380119e-07
58.938807731699995	2.35610115456004e-06	8.3055924282188e-06	5.3633483349622e-07
59.0485634258	2.22924642859084e-06	8.42617221991271e-06	5.39361512497489e-07
59.1583191199	2.0976213584831e-06	8.54230077090414e-06	5.43927305362662e-07
59.268074813999995	1.96124968514621e-06	8.65380780480178e-06	5.44547406686488e-07
59.3778305081	1.82031551181728e-06	8.76065385623963e-06	5.4828951486725e-07
59.4875862022	1.67510732759392e-06	8.86263059424393e-06	5.51362682379718e-07
59.597341896299994	1.52576944143476e-06	8.95948180821264e-06	5.5427565549653e-07
59.7070975904	1.37255976843851e-06	9.05082289833721e-06	5.57160876071858e-07
59.8168532845	1.21573025846569e-06	9.13626720884318e-06	5.60008120560102e-07
59.9266089786	1.05555947710441e-06	9.21543460299283e-06	5.62805711706132e-07
60.036364672699996	8.92337892831132e-07	9.28805789065909e-06	5.65265909412302e-07
60.1461203668	7.26403769217974e-07	9.35398207207321e-06	5.68106322547479e-07
60.2558760609	5.58129947228467e-07	9.41324376700634e-06	5.70750912580655e-07
60.365631754999995	3.87737916344089e-07	9.46567148647058e-06	5.73347602094397e-07
60.4753874491	2.15521752218861e-07	9.51140994872402e-06	5.76084548888939e-07
60.5851431432	4.17059048094603e-08	9.55028553723674e-06	5.78405416256685e-07
60.694898837299995	-1.33453696625876e-07	9.58214494215801e-06	5.80867023215067e-07
60.8046545314	-3.09647789640743e-07	9.60683522872995e-06	5.83282667679667e-07
60.9144102255	-4.86526623866937e-07	9.62423262034456e-06	5.85648797873363e-07
61.024165919599994	-6.63730453306301e-07	9.63424573032762e-06	5.87959726185938e-07
61.1339216137	-8.40876625993951e-07	9.63683600286181e-06	5.90212239112693e-07
61.2436773078	-1.01768726233282e-06	9.63224278019382e-06	5.92856441334193e-07
61.353433001899994	-1.19377050167443e-06	9.62014349666717e-06	5.94538155595465e-07
61.463188695999996	-1.36877955048833e-06	9.60097080738536e-06	5.96635881292504e-07
61.5729443901	-1.54230112729596e-06	9.57467582772178e-06	5.98684980892529e-07
61.6827000842	-1.71404450316313e-06	9.54128798321268e-06	6.00679874938979e-07
61.792455778299995	-1.88365090525516e-06	9.50086501925946e-06	6.02614435348297e-07
61.9022114724	-2.05074817211576e-06	9.45352431863042e-06	6.04483264565624e-07
62.0119671665	-2.21497947630116e-06	9.39940212758082e-06	6.06281380476014e-07
62.121722860599995	-2.37603157215297e-06	9.33861797078089e-06	6.08043500932506e-07
62.2314785547	-2.53362321481338e-06	9.27135105394907e-06	6.09655330119673e-07
62.3412342488	-2.68750411182165e-06	9.19781845929527e-06	6.11236579392036e-07
62.450989942899994	-2.83744746306761e-06	9.11829164811609e-06	6.12751759538522e-07
62.560745637	-2.98323976087438e-06	9.03301670499743e-06	6.14201109653249e-07
62.6705013311	-3.12465926995815e-06	8.94220165900931e-06	6.15580577744315e-07
62.780257025199994	-3.26149996761635e-06	8.84604654000619e-06	6.16884317568866e-07
62.890012719299996	-3.39352121620779e-06	8.74474170785149e-06	6.18107453241028e-07
62.9997684134	-3.52051370996686e-06	8.63840874725776e-06	6.19247750934478e-07
63.1095241075	-3.6423677214414e-06	8.52763292955576e-06	6.20306541082726e-07
63.219279801599995	-3.7586312425416e-06	8.4122946078657e-06	6.21285951778639e-07
63.3290354957	-3.86947576131672e-06	8.29290227580949e-06	6.22406730648834e-07
63.4387911898	-3.97468807864546e-06	8.16970709852688e-06	6.23750542704736e-07
63.548546883899995	-4.07423766088535e-06	8.04296158550873e-06	6.2291421790877e-07
63.658302578	-4.16805701472113e-06	7.91298156447728e-06	6.24406522046594e-07
63.7680582721	-4.25592240169523e-06	7.78002726447782e-06	6.2497231655142e-07
63.877813966199994	-4.33772994168333e-06	7.64423414095195e-06	6.25559000326068e-07
63.9875696603	-4.41342508695714e-06	7.50601986900252e-06	6.25684127553455e-07
64.0973253544	-4.48301609175209e-06	7.36556375955182e-06	6.26082517274516e-07
64.2070810485	-4.54655222983838e-06	7.22298976237023e-06	6.26259862877115e-07
64.3168367426	-4.60378418131401e-06	7.0790669912251e-06	6.26344978082384e-07
64.42659243669999	-4.65500360971834e-06	6.93371006239839e-06	6.26342133480857e-07
64.5363481308	-4.70016226087518e-06	6.78725006865682e-06	6.26252179008096e-07
64.6461038249	-4.73923044095674e-06	6.6399902798752e-06	6.26071038717414e-07
64.755859519	-4.77223907660381e-06	6.49195385831968e-06	6.25793078576288e-07
64.8656152131	-4.79909707812124e-06	6.34338623307262e-06	6.254127535553e-07
64.9753709072	-4.81998973485391e-06	6.19454439562008e-06	6.25046371208789e-07
65.0851266013	-4.83492404171224e-06	6.04554074150493e-06	6.24284117717415e-07
65.19488229539999	-4.84395827699352e-06	5.89683915636031e-06	6.23673951997441e-07
65.3046379895	-4.84740565199832e-06	5.74850186608192e-06	6.22916575928938e-07
65.4143936836	-4.84511101903018e-06	5.60067461685415e-06	6.22074654268274e-07
65.5241493777	-4.83722663533931e-06	5.45354285458706e-06	6.21146333388534e-07
65.6339050718	-4.82373328235838e-06	5.30726275725038e-06	6.20127407908988e-07
65.7436607659	-4.80466479016226e-06	5.16200222827212e-06	6.19014713107105e-07
65.85341645999999	-4.7800341069893e-06	5.0178131060037e-06	6.178075370821e-07
65.9631721541	-4.74995607373684e-06	4.87515406789085e-06	6.16508415418918e-07
66.0729278482	-4.71445806933337e-06	4.73390430546894e-06	6.15122502173088e-07
66.1826835423	-4.67380107906749e-06	4.59454382560621e-06	6.13656295217306e-07
66.2924392364	-4.62802210114222e-06	4.45698578984542e-06	6.12113843893267e-07
66.4021949305	-4.57720272030231e-06	4.32142330228805e-06	6.10496699749106e-07
66.51195062459999	-4.52149074338781e-06	4.18803348392647e-06	6.08805363179093e-07
66.62170631869999	-4.46072691903388e-06	4.05686137500673e-06	6.07040168734852e-07
66.7314620128	-4.39517644356543e-06	3.928109115948e-06	6.05202738464398e-07
66.8412177069	-4.32480172709073e-06	3.80194850997902e-06	6.03295759328998e-07
66.950973401	-4.24987072672556e-06	3.67836292616068e-06	6.01322937037633e-07
67.0607290951	-4.17035626994081e-06	3.55767424504804e-06	5.99288018138951e-07
67.1704847892	-4.086419891291e-06	3.43989518504026e-06	5.97194329689291e-07
67.28024048329999	-3.99813938869688e-06	3.32516814454705e-06	5.95043680786626e-07
67.3899961774	-3.90563719434605e-06	3.21363576040367e-06	5.9291625541776e-07
67.4997518715	-3.80888181832462e-06	3.10538921554594e-06	5.90609632557587e-07
67.6095075656	-3.70808537293866e-06	3.00061076987049e-06	5.88283586223383e-07
67.7192632597	-3.60304152753295e-06	2.89948762183052e-06	5.85857806436943e-07
67.8290189538	-3.49413618869676e-06	2.80194012809052e-06	5.83659549109391e-07
67.93877464789999	-3.38139887619271e-06	2.7083044707984e-06	5.80822121796268e-07
68.04853034199999	-3.26502429186917e-06	2.61859094452223e-06	5.78379722462173e-07
68.1582860361	-3.14512411290839e-06	2.5329547427156e-06	5.75767314838021e-07
68.2680417302	-3.02169414120767e-06	2.45169693297659e-06	5.73177829026884e-07
68.3777974243	-2.89492271830308e-06	2.37479274674334e-06	5.72025935479434e-07
68.4875531184	-2.76491594940773e-06	2.30234168028431e-06	5.68387074603543e-07
68.5973088125	-2.63178885766774e-06	2.23450081308074e-06	5.65593105381746e-07
68.70706450659999	-2.49563092235291e-06	2.17142704895562e-06	5.61118099108519e-07
68.8168202007	-2.35678165452766e-06	2.11306982144514e-06	5.5899433275157e-07
68.9265758948	-2.21523809198466e-06	2.05963684940445e-06	5.5753519325836e-07
69.0363315889	-2.07116559070303e-06	2.01145412766199e-06	5.53758264992066e-07
69.146087283	-1.92463889129164e-06	1.96817089475311e-06	5.50693954870991e-07
69.2558429771	-1.77596245893206e-06	1.93044104532288e-06	5.4682953600651e-07
69.36559867119999	-1.62522386537051e-06	1.89805700358762e-06	5.43680894800606e-07
69.47535436529999	-1.47260021242634e-06	1.87119035410076e-06	5.40491016520217e-07
69.5851100594	-1.31825320445609e-06	1.84982770980658e-06	5.37259276596921e-07
69.6948657535	-1.16243151159094e-06	1.8342997670515e-06	5.34258235307639e-07
69.8046214476	-1.00529057698487e-06	1.82450220511637e-06	5.30563967980953e-07
69.9143771417	-8.47037327916747e-07	1.82063582273604e-06	5.27331453519765e-07
70.0241328358	-6.87900288239894e-07	1.82274440660896e-06	5.23934305459976e-07
70.13388852989999	-5.27981514836064e-07	1.83085682677901e-06	5.20500786030082e-07
70.243644224	-3.6775148008208e-07	1.84513800949547e-06	5.17032659824255e-07
70.3533999181	-2.07236546434346e-07	1.86555851202498e-06	5.13529585997119e-07
70.4631556122	-4.67322748725884e-08	1.8921999950664e-06	5.09991116694438e-07
70.5729113063	1.13547665685911e-07	1.92511678186914e-06	5.06420124953516e-07
70.6826670004	2.73432440562794e-07	1.96434241934592e-06	5.02820426611475e-07
70.79242269449999	4.32398575404681e-07	2.0098799045212e-06	4.99194814121132e-07
70.90217838859999	5.90363338643094e-07	2.06188750674244e-06	4.95779706878545e-07
71.0119340827	7.46925905965665e-07	2.1201985503032e-06	4.92008075393719e-07
71.1216897768	9.01911250937044e-07	2.18495700334977e-06	4.88192843675382e-07
71.2314454709	1.05498629850212e-06	2.25606968279444e-06	4.84474864470347e-07
71.341201165	1.20589086146211e-06	2.3335278847384e-06	4.80740009081998e-07
71.4509568591	1.35430269013074e-06	2.41722058058303e-06	4.76988249754883e-07
71.56071255319999	1.49990541165492e-06	2.50709987935694e-06	4.73266181594422e-07
71.6704682473	1.64239105350786e-06	2.60307919575356e-06	4.69439262283991e-07
71.7802239414	1.78146679236228e-06	2.70508142329132e-06	4.65643970876972e-07
71.8899796355	1.91684355468131e-06	2.81298105828669e-06	4.62721207361032e-07
71.9997353296	2.04826109794979e-06	2.92663723652142e-06	4.58892703749191e-07
72.1094910237	2.17540761236564e-06	3.04591721801495e-06	4.55163544687744e-07
72.21924671779999	2.29800895137199e-06	3.17067441873326e-06	4.50367533715423e-07
72.32900241189999	2.41577763019658e-06	3.30071943864845e-06	4.46521349364669e-07
72.438758106	2.52842543876161e-06	3.43588654425983e-06	4.42593224205531e-07
72.5485138001	2.63564323489789e-06	3.57597438862188e-06	4.38649105109208e-07
72.6582694942	2.73717455361929e-06	3.72072639250674e-06	4.34727758231192e-07
72.7680251883	2.83272400030501e-06	3.86990017863067e-06	4.30786605649558e-07
72.8777808824	2.92211197105302e-06	4.0232268487778e-06	4.26826150843887e-07
72.98753657649999	3.00503613403759e-06	4.18041956959328e-06	4.2284822618619e-07
73.0972922706	3.08135566227343e-06	4.34120320227578e-06	4.16832830293915e-07
73.2070479647	3.15087327140827e-06	4.50516964470882e-06	4.13828332835278e-07
73.3168036588	3.21341525605092e-06	4.67223655522885e-06	4.09792247539728e-07
73.4265593529	3.26878706579669e-06	4.84187341718744e-06	4.05730873790007e-07
73.536315047	3.3168280881842e-06	5.01378384553063e-06	4.01640219526973e-07
73.64607074109999	3.35736621883536e-06	5.18760935463108e-06	3.99540459479818e-07
73.75582643519999	3.39030956513165e-06	5.36297393712583e-06	3.94372659737098e-07
73.8655821293	3.41552225292366e-06	5.5394901933273e-06	3.90186851438333e-07
73.9753378234	3.43295408425936e-06	5.71675437227939e-06	3.85973839432706e-07
74.0850935175	3.44257945640987e-06	5.89434128066619e-06	3.81734514471396e-07
74.1948492116	3.44438338496274e-06	6.07183570425035e-06	3.77468342697104e-07
74.3046049057	3.43837221194486e-06	6.24883989710966e-06	3.73173582475556e-07
74.41436059979999	3.42457064740038e-06	6.42493774331254e-06	3.68847848230613e-07
74.5241162939	3.40289020461778e-06	6.59989723068828e-06	3.64491749415839e-07
74.633871988	3.37365149965233e-06	6.77296912963331e-06	3.6099415165173e-07
74.7436276821	3.33673214536033e-06	6.94402200991423e-06	3.5613101755551e-07
74.8533833762	3.29222835925551e-06	7.11256484678254e-06	3.5125310575355e-07
74.9631390703	3.24043026367636e-06	7.27824010763603e-06	3.46797771822178e-07
75.07289476439999	3.18133346836621e-06	7.44063491774899e-06	3.42321404302193e-07
75.18265045849999	3.1151258632281e-06	7.59937349991935e-06	3.37822129834981e-07
75.2924061526	3.04208660144622e-06	7.75409233502776e-06	3.3329974050837e-07
75.4021618467	2.96211855226791e-06	7.90449629900519e-06	3.28755981026795e-07
75.5119175408	2.87572025482857e-06	8.05012762361989e-06	3.24191818925769e-07
75.6216732349	2.78304754796598e-06	8.19071100079621e-06	3.19605753915261e-07
75.731428929	2.68434232021727e-06	8.32588103918516e-06	3.14995398414984e-07
75.84118462309999	2.57990828293269e-06	8.45533090120674e-06	3.10365230659088e-07
75.9509403172	2.47002006807563e-06	8.57874149398576e-06	3.05743425142259e-07
76.0606960113	2.35499730355062e-06	8.69582422395296e-06	3.01015071467473e-07
76.1704517054	2.23516498644689e-06	8.80628945713121e-06	2.96304977571179e-07
76.2802073995	2.11087141524944e-06	8.90984775695121e-06	2.9156774055437e-07
76.3899630936	1.98248799599148e-06	9.00628857159868e-06	2.8679931820872e-07
76.49971878769999	1.85042999179262e-06	9.09523239625752e-06	2.81997373788503e-07
76.60947448179999	1.71505842355854e-06	9.17659826551565e-06	2.77159605747251e-07
76.7192301759	1.57684600653416e-06	9.25019699035297e-06	2.72286050257332e-07
76.82898587	1.4361889474104e-06	9.31587828080689e-06	2.67377369492638e-07
76.9387415641	1.29351815613658e-06	9.37348800828074e-06	2.62431725948094e-07
77.0484972582	1.14926814319906e-06	9.42290865115893e-06	2.57445456037537e-07
77.1582529523	1.0038996907872e-06	9.46405265967718e-06	2.52415115293184e-07
77.26800864639999	8.5786699206421e-07	9.49685932635084e-06	2.47360303684823e-07
77.3777643405	7.1162340330055e-07	9.52129260949168e-06	2.42212641484868e-07
77.4875200346	5.6560796496108e-07	9.53734019811172e-06	2.37035446549976e-07
77.5972757287	4.20263849815645e-07	9.54501861284051e-06	2.31802330218127e-07
77.7070314228	2.76031207773254e-07	9.5443636805051e-06	2.2650996959377e-07
77.8167871169	1.33331017137519e-07	9.53542279269443e-06	2.21156033458789e-07
77.92654281099999	-7.38516563128344e-09	9.51827758068705e-06	2.15738673647134e-07
78.03629850509999	-1.45709287413725e-07	9.49302141171918e-06	2.10256599991537e-07
78.1460541992	-2.81208875520802e-07	9.45977545240796e-06	2.04707636836785e-07
78.2558098933	-4.13503413515443e-07	9.41863514854089e-06	1.99085782829201e-07
78.3655655874	-5.42131998545192e-07	9.36973845519031e-06	1.9338460757472e-07
78.4753212815	-6.66715040396608e-07	9.31326230134547e-06	1.87598944296496e-07
78.5850769756	-7.86835694851032e-07	9.24939479965393e-06	1.8172725533822e-07
78.69483266969999	-9.02082338258322e-07	9.17835832288924e-06	1.75770210143478e-07
78.8045883638	-1.01206986007914e-06	9.1003862309728e-06	1.69728884964643e-07
78.9143440579	-1.11638624505043e-06	9.01571738889891e-06	1.63603785955772e-07
79.024099752	-1.21467475236879e-06	8.92458541141918e-06	1.57393702267002e-07
79.1338554461	-1.30658327474695e-06	8.82726698969157e-06	1.51094605051117e-07
79.2436111402	-1.39176754706415e-06	8.7240715234575e-06	1.44703021650619e-07
79.35336683429999	-1.46989211268324e-06	8.61533932746304e-06	1.38217051822932e-07
79.46312252839999	-1.54067081531855e-06	8.50139942522886e-06	1.31637389815357e-07
79.5728782225	-1.60382536443193e-06	8.38255856450113e-06	1.24965880013747e-07
79.6826339166	-1.65914399375304e-06	8.25935566903252e-06	1.18204507086018e-07
79.7923896107	-1.70632083822144e-06	8.13203574442309e-06	1.11353618279235e-07
79.9021453048	-1.74513790001666e-06	8.00105110895323e-06	1.04410428795316e-07
80.0119009989	-1.77541574928488e-06	7.86686074392125e-06	9.73722107512479e-08
80.12165669299999	-1.79691823259204e-06	7.72988595779057e-06	9.02385456036631e-08
80.2314123871	-1.80945772976433e-06	7.59058342400762e-06	8.30103434475376e-08
80.3411680812	-1.81281485383801e-06	7.44939282078761e-06	7.56893006187325e-08
80.4509237753	-1.80679575417373e-06	7.30675830579114e-06	6.82769551450337e-08
80.5606794694	-1.79121993023187e-06	7.16312956966654e-06	6.0775379773984e-08
80.6704351635	-1.76592527135333e-06	7.01900878951039e-06	5.31863181808913e-08
80.78019085759999	-1.73102826612552e-06	6.8748865167495e-06	4.55105229285519e-08
80.88994655169999	-1.68627516137671e-06	6.73124123355847e-06	3.77485886401715e-08
80.9997022458	-1.6317542667819e-06	6.58853536704599e-06	2.98844171141203e-08
81.1094579399	-1.56754607204001e-06	6.4472860842016e-06	2.19223039409874e-08
81.219213634	-1.49366484864822e-06	6.30808863243331e-06	1.38601069594231e-08
81.3289693281	-1.41026883667294e-06	6.17120033036929e-06	5.7003090617525e-09
81.4387250222	-1.31739410484907e-06	6.03732481186892e-06	-2.5547052120657e-09
81.54848071629999	-1.21517231611763e-06	5.90692587687204e-06	-1.09043843224534e-08
81.6582364104	-1.103727092341e-06	5.78051279240006e-06	-1.9351697716865e-08
81.7679921045	-9.83168581805914e-07	5.65856912027221e-06	-2.78996758704068e-08
81.8777477986	-8.53629415769901e-07	5.54149359738717e-06	-3.65503741808693e-08
81.9875034927	-7.15252143393589e-07	5.42987021103462e-06	-4.53054678741684e-08
82.0972591868	-5.68191863690385e-07	5.32409720578202e-06	-5.4166633892579e-08
82.20701488089999	-4.12740039211036e-07	5.22460507467299e-06	-6.31342131323251e-08
82.31677057499999	-2.49128366314054e-07	5.13185421394746e-06	-7.22092297540545e-08
82.4265262691	-7.76640444023515e-08	5.0463031183477e-06	-8.13941958381495e-08
82.5362819632	1.01304884714663e-07	4.96835995410411e-06	-9.09028152556379e-08
82.6460376573	2.87400958584406e-07	4.89843006005642e-06	-1.00101166191394e-07
82.7557933514	4.80245830075095e-07	4.83690567415142e-06	-1.09628517291416e-07
82.8655490455	6.79458068880507e-07	4.78419122907079e-06	-1.19274066128928e-07
82.97530473959999	8.84618754950228e-07	4.7406003908748e-06	-1.29039602127994e-07
83.0850604337	1.09530245283834e-06	4.70645951609796e-06	-1.38926474991695e-07
83.1948161278	1.31108266764669e-06	4.68207868083692e-06	-1.48937916535711e-07
83.3045718219	1.53154248428302e-06	4.66773792737902e-06	-1.59075584477856e-07
83.414327516	1.75625969451315e-06	4.66368596763855e-06	-1.69340740168031e-07
83.5240832101	1.98476374574087e-06	4.67021159582194e-06	-1.79734177377444e-07
83.63383890419999	2.21661979127508e-06	4.68753667785807e-06	-1.9025458673326e-07
83.74359459829999	2.4513124503594e-06	4.71588026390942e-06	-2.00901910105812e-07
83.8533502924	2.6883506837118e-06	4.7554615012159e-06	-2.11678938461585e-07
83.9631059865	2.92719775822585e-06	4.80637977006137e-06	-2.22589783150223e-07
84.0728616806	3.16738858061586e-06	4.86898822920083e-06	-2.33638394362994e-07
84.1826173747	3.40838221390364e-06	4.94326994864352e-06	-2.44827120601151e-07
84.2923730688	3.64959757746858e-06	5.02941606613903e-06	-2.56155906672787e-07
84.40212876289999	3.89047301692703e-06	5.12747388223665e-06	-2.67622850784439e-07
84.511884457	4.13044465308216e-06	5.23751098268582e-06	-2.79225803655027e-07
84.6216401511	4.36893746264345e-06	5.35955931875363e-06	-2.9096290015823e-07
84.7313958452	4.60538215618058e-06	5.49361653300637e-06	-3.02835224275794e-07
84.8411515393	4.83922437926859e-06	5.63964145266639e-06	-3.14845726832147e-07
84.9509072334	5.0698966719889e-06	5.79757832759452e-06	-3.26996897502735e-07
85.06066292749999	5.29682874389643e-06	5.96736743509855e-06	-3.39290517472286e-07
85.17041862159999	5.51945861841038e-06	6.14891473441739e-06	-3.51727757590872e-07
85.2801743157	5.73722464719928e-06	6.34208855052506e-06	-3.64307718907312e-07
85.3899300098	5.94957330949962e-06	6.54672808253034e-06	-3.77029106705073e-07
85.4996857039	6.15594991078217e-06	6.76265190801415e-06	-3.89890749284828e-07
85.609441398	6.35579537805637e-06	6.98965890046256e-06	-4.02893951533422e-07
85.71919709209999	6.54855805708655e-06	7.22753581953884e-06	-4.16040006188339e-07
85.82895278619999	6.73369298309814e-06	7.47604376891732e-06	-4.29328695131899e-07
85.9387084803	6.91068724133222e-06	7.73488875201887e-06	-4.42759966687746e-07
86.0484641744	7.07901465289609e-06	8.00375160865847e-06	-4.56333760110506e-07
86.1582198685	7.23815782121728e-06	8.28228383812394e-06	-4.70049764349845e-07
86.2679755626	7.38760745050297e-06	8.5701235656654e-06	-4.83906680978985e-07
86.3777312567	7.52685984098433e-06	8.86690034261671e-06	-4.99682607083204e-07
86.48748695079999	7.65542020497608e-06	9.17223383239245e-06	-5.12924083847223e-07
86.59724264489999	7.77283637441363e-06	9.485750602357e-06	-5.27200834395259e-07
86.706998339	7.87868252080785e-06	9.807048973667e-06	-5.4351705966108e-07
86.8167540331	7.97254902011568e-06	1.0135687676666e-05	-5.56249403365241e-07
86.9265097272	8.05402213230607e-06	1.04711888622332e-05	-5.70960466599675e-07
87.0362654213	8.1226921048857e-06	1.08130248435341e-05	-5.8580722136614e-07
87.14602111539999	8.17815272874534e-06	1.11606178824369e-05	-6.00783976008342e-07
87.25577680949999	8.22002040022781e-06	1.15133581582168e-05	-6.15884950815235e-07
87.3655325036	8.24796471243117e-06	1.1870642835826e-05	-6.31103706284077e-07
87.4752881977	8.26169609610068e-06	1.22318729434424e-05	-6.46443645564556e-07
87.5850438918	8.26094720688494e-06	1.2596516928252e-05	-6.6190701656436e-07
87.6947995859	8.2454739812697e-06	1.29639917177537e-05	-6.7655109367007e-07
87.80455528	8.21504970896449e-06	1.33336981717939e-05	-6.9226678208235e-07
87.91431097409999	8.16946359354798e-06	1.37049711634581e-05	-7.08102043936969e-07
88.02406666819999	8.10851777208201e-06	1.40771073234296e-05	-7.24050353933067e-07
88.1338223623	8.03205839924257e-06	1.44493458584018e-05	-7.40106291407546e-07
88.2435780564	7.93997839214603e-06	1.48209127893703e-05	-7.56267858501059e-07
88.3533337505	7.83221405974534e-06	1.5191050971173e-05	-7.72537457062505e-07
88.4630894446	7.70873254429457e-06	1.55590604024329e-05	-7.8905904136714e-07
88.57284513869999	7.56953488885951e-06	1.59242958006978e-05	-8.05503800829568e-07
88.68260083279999	7.41464653557887e-06	1.62861231481705e-05	-8.22138845681237e-07
88.7923565269	7.24409783011719e-06	1.6643893933062e-05	-8.38826226714746e-07
88.902112221	7.05797398158233e-06	1.69968791169043e-05	-8.55715319414616e-07
89.0118679151	6.85639596170226e-06	1.73442825711929e-05	-8.72738663985689e-07
89.1216236092	6.63952889865508e-06	1.76852610286336e-05	-8.89895674054774e-07
89.2313793033	6.40756301898615e-06	1.80189699855528e-05	-9.07183077538337e-07
89.34113499739999	6.1607300604723e-06	1.83446290030741e-05	-9.24598440036344e-07
89.45089069149999	5.89929952714002e-06	1.86615517364307e-05	-9.42144707495731e-07
89.5606463856	5.62357520126041e-06	1.89691125062698e-05	-9.59828518307662e-07
89.6704020797	5.33390650256972e-06	1.92667069467906e-05	-9.77657751645445e-07
89.7801577738	5.03066018729158e-06	1.95537301737657e-05	-9.95639288015628e-07
89.8899134679	4.71422081421469e-06	1.9829515881839e-05	-1.01377555670886e-06
89.99966916199999	4.38501804757812e-06	2.00933446685222e-05	-1.03206629277306e-06
90.10942485609999	4.04351826609672e-06	2.03444921975783e-05	-1.05051090723775e-06
90.2191805502	3.6902208224749e-06	2.0582255401456e-05	-1.06910970195725e-06
90.3289362443	3.32566870254197e-06	2.08060135262037e-05	-1.08786469346412e-06
90.4386919384	2.9504239750638e-06	2.10152007688511e-05	-1.10678213846061e-06
90.5484476325	2.56507971955757e-06	2.12093226508242e-05	-1.12586872922293e-06
90.6582033266	2.17024153190438e-06	2.13879216856873e-05	-1.14513595769357e-06
90.76795902069999	1.76656833064422e-06	2.15505241834933e-05	-1.16458478386108e-06
90.87771471479999	1.35466550858927e-06	2.16967399316275e-05	-1.1842186167184e-06
90.9874704089	9.35212556097296e-07	2.18260680937939e-05	-1.20403889962084e-06
91.097226103	5.0894542812678e-07	2.19380371825605e-05	-1.22404649654291e-06
91.2069817971	7.66076930193673e-08	2.2032215409672e-05	-1.24424148526218e-06
91.3167374912	-3.61043614711092e-07	2.21082326035366e-05	-1.26462845564696e-06
91.42649318529999	-8.03190669236029e-07	2.21657998595051e-05	-1.28520563589381e-06
91.53624887939999	-1.24901804110282e-06	2.22046343307534e-05	-1.30597791071022e-06
91.6460045735	-1.69770226503903e-06	2.22245080902285e-05	-1.32695096561027e-06
91.7557602676	-2.14841656957943e-06	2.22252369928938e-05	-1.34812917323612e-06
91.8655159617	-2.60031111519158e-06	2.22066906131167e-05	-1.36951599504035e-06
91.9752716558	-3.0525185662796e-06	2.2168771028233e-05	-1.3911133479463e-06
92.0850273499	-3.50417687474657e-06	2.21114167646165e-05	-1.41292242400334e-06
92.19478304399999	-3.95443602893091e-06	2.20346097632976e-05	-1.43494630063579e-06
92.30453873809999	-4.40244250024897e-06	2.1938394031917e-05	-1.45718872507965e-06
92.4142944322	-4.84735315077239e-06	2.18228517909895e-05	-1.4796528011339e-06
92.5240501263	-5.28831876178509e-06	2.16881005387539e-05	-1.5023404838198e-06
92.6338058204	-5.72448588647526e-06	2.15342623208995e-05	-1.5252542275839e-06
92.7435615145	-6.1549925066231e-06	2.13614791987234e-05	-1.54839647487468e-06
92.85331720859999	-6.57899915872029e-06	2.1169935523032e-05	-1.57176839817508e-06
92.96307290269999	-6.99569615722246e-06	2.09598664081481e-05	-1.59537105763293e-06
93.0728285968	-7.40429312832625e-06	2.07315671169236e-05	-1.61920558114042e-06
93.1825842909	-7.80403354334588e-06	2.0485387047815e-05	-1.64327476317011e-06
93.292339985	-8.19418021886957e-06	2.0221708443411e-05	-1.66758447410842e-06
93.4020956791	-8.57400321073912e-06	1.99409557666326e-05	-1.69214195099273e-06
93.5118513732	-8.94286502675876e-06	1.96436125297567e-05	-1.71695196755974e-06
93.62160706729999	-9.29990080862613e-06	1.93299745914957e-05	-1.7420141034956e-06
93.73136276139999	-9.64452585195756e-06	1.90005965448797e-05	-1.76732273304395e-06
93.8411184555	-9.97597267446302e-06	1.86559887012464e-05	-1.79287164315069e-06
93.9508741496	-1.02937348419663e-05	1.82965206468035e-05	-1.81865911941158e-06
94.0606298437	-1.05970737841642e-05	1.79228777810318e-05	-1.8446890872914e-06
94.1703855378	-1.0885464037185e-05	1.75356385960139e-05	-1.87096689775357e-06
94.28014123189999	-1.11583764667134e-05	1.71354084932178e-05	-1.89749573333848e-06
94.38989692599999	-1.14153236623981e-05	1.67228011288365e-05	-1.92427423630232e-06
94.4996526201	-1.16558404255583e-05	1.62984515108809e-05	-1.95130073725577e-06
94.6094083142	-1.1879460338352e-05	1.58630144285179e-05	-1.97857259028352e-06
94.7191640083	-1.20857141682867e-05	1.54171581190101e-05	-2.00608776767415e-06
94.8289197024	-1.22741587069823e-05	1.49615617196041e-05	-2.03384617958977e-06
94.9386753965	-1.24443988721363e-05	1.44969274957599e-05	-2.06184927570617e-06
95.04843109059999	-1.25960912381306e-05	1.40239810455837e-05	-2.09009789825015e-06
95.15818678469999	-1.27289331774643e-05	1.35434596111253e-05	-2.11858984048954e-06
95.2679424788	-1.28426521343084e-05	1.30561000325372e-05	-2.1478037904904e-06
95.3776981729	-1.29369893632457e-05	1.25626349307968e-05	-2.17678041652004e-06
95.487453867	-1.30116959556722e-05	1.20637960686282e-05	-2.20599363701876e-06
95.5972095611	-1.30665494351164e-05	1.15603437854973e-05	-2.23544245720803e-06
95.70696525519999	-1.3101350741655e-05	1.10530589659464e-05	-2.26512404081916e-06
95.81672094929999	-1.31159506001594e-05	1.05427346312729e-05	-2.29503811556687e-06
95.9264766434	-1.31102482300918e-05	1.00301719217649e-05	-2.32518454493887e-06
96.0362323375	-1.30841899756925e-05	9.51616882611524e-06	-2.35556248903503e-06
96.1459880316	-1.30377356954467e-05	9.00150996630922e-06	-2.38644213641667e-06
96.2557437257	-1.2970883083053e-05	8.48696445510998e-06	-2.4171551726765e-06
96.3654994198	-1.28836535352647e-05	7.97330162276016e-06	-2.4482319031814e-06
96.47525511389999	-1.27760756240329e-05	7.46130187400435e-06	-2.47954311102708e-06
96.58501080799999	-1.26482070082381e-05	6.95175070466623e-06	-2.5110928256599e-06
96.6947665021	-1.25001521257133e-05	6.44542024398647e-06	-2.54288164085606e-06
96.8045221962	-1.23320684830721e-05	5.94307310780366e-06	-2.57491027195921e-06
96.9142778903	-1.21441677987966e-05	5.44548483722224e-06	-2.60717989139022e-06
97.0240335844	-1.19367052765837e-05	4.95342954412238e-06	-2.639692878151e-06
97.13378927849999	-1.170994464129e-05	4.46774196938621e-06	-2.67315395237873e-06
97.24354497259999	-1.14642012172154e-05	3.9888854940045e-06	-2.70589270922506e-06
97.3533006667	-1.11997534735572e-05	3.51783121409409e-06	-2.73915239448055e-06
97.4630563608	-1.09168939813972e-05	3.05519955310605e-06	-2.77266082199891e-06
97.5728120549	-1.0616042563219e-05	2.60163338730378e-06	-2.80641389878594e-06
97.682567749	-1.02975008081816e-05	2.15779572241562e-06	-2.84041074789332e-06
97.7923234431	-9.96171821054622e-06	1.7243218392606e-06	-2.87465523263944e-06
97.90207913719999	-9.60915507795877e-06	1.30182143637591e-06	-2.9091538770545e-06
98.01183483129999	-9.24028799480035e-06	8.90877109092481e-07	-2.94390981399328e-06
98.1215905254	-8.85560633599719e-06	4.92032484253833e-07	-2.97892459101576e-06
98.2313462195	-8.45562109537959e-06	1.0579755088254e-07	-3.0141999593176e-06
98.3411019136	-8.0408714638599e-06	-2.67318683298764e-07	-3.04973856907501e-06
98.4508576077	-7.61191638694687e-06	-6.26815604999482e-07	-3.08554489456403e-06
98.56061330179999	-7.16933820794274e-06	-9.72246691510149e-07	-3.12162309386647e-06
98.67036899589999	-6.71364265439942e-06	-1.30310820923688e-06	-3.15797637076447e-06
98.78012469	-6.24543230734856e-06	-1.61902776007871e-06	-3.19460583149887e-06
98.8898803841	-5.76529764951716e-06	-1.91963061895985e-06	-3.23151064825394e-06
98.9996360782	-5.27384555797087e-06	-2.2045647121012e-06	-3.26868828080114e-06
99.1093917723	-4.77168544114427e-06	-2.47350883526472e-06	-3.3061330791765e-06
99.2191474664	-4.25943034026445e-06	-2.72616547815244e-06	-3.3438396128369e-06
99.32890316049999	-3.7377035866258e-06	-2.96225394376814e-06	-3.38180442991113e-06
99.43865885459999	-3.20711534470539e-06	-3.18158361231449e-06	-3.42002891939728e-06
99.5484145487	-2.66829255847007e-06	-3.38395764327931e-06	-3.45851738302327e-06
99.6581702428	-2.12186089984077e-06	-3.56922303463883e-06	-3.49727432380108e-06
99.7679259369	-1.56844824493061e-06	-3.73724156555558e-06	-3.53630459217867e-06
99.877681631	-1.00870600660807e-06	-3.88788580848454e-06	-3.57561409536645e-06
99.98743732509999	-4.43222889289138e-07	-4.02108548557396e-06	-3.61520594298041e-06
100.09719301919999	1.27360394518143e-07	-4.13673527979459e-06	-3.65508050329879e-06
100.2069487133	7.02464822495962e-07	-4.2347628621455e-06	-3.69523413470095e-06
100.3167044074	1.28150438134495e-06	-4.31513551030194e-06	-3.73566230129725e-06
100.4264601015	1.86388726731977e-06	-4.37784195034794e-06	-3.77636039935833e-06
100.5362157956	2.44900657573475e-06	-4.42289374984749e-06	-3.81732506652337e-06
100.6459714897	3.03627755444543e-06	-4.45033735227138e-06	-3.85855600806107e-06
100.75572718379999	3.62513588253373e-06	-4.46025353342115e-06	-3.90005454301283e-06
100.86548287789999	4.21501594786382e-06	-4.45275632237645e-06	-3.94182415312149e-06
100.975238572	4.80538385433131e-06	-4.42796291841976e-06	-3.98386889988413e-06
101.0849942661	5.39573458310292e-06	-4.38598493087345e-06	-4.02619407172569e-06
101.1947499602	5.98558625146888e-06	-4.32696221038778e-06	-4.068802116453e-06
101.3045056543	6.57445391211403e-06	-4.25104622594502e-06	-4.11169227960816e-06
101.41426134839999	7.16184108773075e-06	-4.15839379944132e-06	-4.15486155465509e-06
101.52401704249999	7.74725243756337e-06	-4.04917346146615e-06	-4.19830686207639e-06
101.6337727366	8.33022112780225e-06	-3.92356497965549e-06	-4.24202583814319e-06
101.7435284307	8.91023575363849e-06	-3.78175799922251e-06	-4.28601680501904e-06
101.8532841248	9.4869498907574e-06	-3.62395539427128e-06	-4.33027991114053e-06
101.9630398189	1.00598445575621e-05	-3.45040743643753e-06	-4.37481539641904e-06
102.072795513	1.0628530613561e-05	-3.26137125733838e-06	-4.41962148836855e-06
102.18255120709999	1.11926259905619e-05	-3.05711355982402e-06	-4.46469713923136e-06
102.29230690119999	1.17517533475683e-05	-2.83790724672367e-06	-4.51004068695908e-06
102.4020625953	1.23056367569207e-05	-2.60402018757698e-06	-4.55565229071543e-06
102.5118182894	1.28539289305704e-05	-2.35572638776927e-06	-4.60153280127667e-06
102.6215739835	1.33963307354695e-05	-2.09328669746724e-06	-4.64768385605389e-06
102.7313296776	1.3932556849118e-05	-1.81697952017473e-06	-4.69410639941617e-06
102.84108537169999	1.44623337486138e-05	-1.52708990829221e-06	-4.74079991382038e-06
102.95084106579999	1.49854097799538e-05	-1.22389780399281e-06	-4.78776326607494e-06
103.0605967599	1.55015489302035e-05	-9.07689245436276e-07	-4.83499341882159e-06
103.170352454	1.60105854909647e-05	-5.78803016721639e-07	-4.88248867299e-06
103.2801081481	1.65121355056597e-05	-2.37380958054379e-07	-4.93024881445024e-06
103.3898638422	1.70061784913827e-05	1.16211301519286e-07	-4.97827053484903e-06
103.49961953629999	1.74924891258267e-05	4.81729960815483e-07	-5.02664567446329e-06
103.60937523039999	1.79709036211511e-05	8.58870894457552e-07	-5.07512907671199e-06
103.71913092449999	1.84412250909834e-05	1.24750115704039e-06	-5.12391132814774e-06
103.8288866186	1.89033320382754e-05	1.64728281144468e-06	-5.17273574410429e-06
103.9386423127	1.93571290305026e-05	2.05800341171821e-06	-5.22208447268255e-06
104.0483980068	1.98024129711393e-05	2.47945267343019e-06	-5.27160908954646e-06
104.1581537009	2.00218400888676e-05	2.69413538404797e-06	-5.29646122383333e-06
104.26790939499999	2.00218400888676e-05	2.69413538404797e-06	-5.29646122383333e-06
104.37766508909999	2.00218400888676e-05	2.69413538404797e-06	-5.29646122383333e-06
104.4874207832	2.00218400888676e-05	2.69413538404797e-06	-5.29646122383333e-06
104.5971764773	2.00218400888676e-05	2.69413538404797e-06	-5.29646122383333e-06
104.7069321714	2.00218400888676e-05	2.69413538404797e-06	-5.29646122383333e-06
104.8166878655	2.00218400888676e-05	2.69413538404797e-06	-5.29646122383333e-06
104.92644355959999	2.00218400888676e-05	2.69413538404797e-06	-5.29646122383333e-06
105.03619925369999	2.00218400888676e-05	2.69413538404797e-06	-5.29646122383333e-06
105.14595494779999	2.00218400888676e-05	2.69413538404797e-06	-5.29646122383333e-06
105.2557106419	2.00218400888676e-05	2.69413538404797e-06	-5.29646122383333e-06
105.365466336	2.00218400888676e-05	2.69413538404797e-06	-5.29646122383333e-06
105.4752220301	2.00218400888676e-05	2.69413538404797e-06	-5.29646122383333e-06
105.5849777242	2.00218400888676e-05	2.69413538404797e-06	-5.29646122383333e-06
105.69473341829999	2.00218400888676e-05	2.69413538404797e-06	-5.29646122383333e-06
105.80448911239999	2.00218400888676e-05	2.69413538404797e-06	-5.29646122383333e-06
105.9142448065	2.00218400888676e-05	2.69413538404797e-06	-5.29646122383333e-06
106.0240005006	2.00218400888676e-05	2.69413538404797e-06	-5.29646122383333e-06
106.1337561947	2.00218400888676e-05	2.69413538404797e-06	-5.29646122383333e-06
106.2435118888	2.00218400888676e-05	2.69413538404797e-06	-5.29646122383333e-06
106.35326758289999	2.00218400888676e-05	2.69413538404797e-06	-5.29646122383333e-06
106.46302327699999	2.00218400888676e-05	2.69413538404797e-06	-5.29646122383333e-06
106.57277897109999	2.00218400888676e-05	2.69413538404797e-06	-5.29646122383333e-06
106.6825346652	2.00218400888676e-05	2.69413538404797e-06	-5.29646122383333e-06
106.7922903593	2.00218400888676e-05	2.69413538404797e-06	-5.29646122383333e-06
106.9020460534	2.00218400888676e-05	2.69413538404797e-06	-5.29646122383333e-06
107.0118017475	2.00218400888676e-05	2.69413538404797e-06	-5.29646122383333e-06
107.12155744159999	2.00218400888676e-05	2.69413538404797e-06	-5.29646122383333e-06
107.23131313569999	2.00218400888676e-05	2.69413538404797e-06	-5.29646122383333e-06
107.3410688298	2.00218400888676e-05	2.69413538404797e-06	-5.29646122383333e-06
107.4508245239	2.00218400888676e-05	2.69413538404797e-06	-5.29646122383333e-06
107.560580218	2.00218400888676e-05	2.69413538404797e-06	-5.29646122383333e-06
107.6703359121	2.00218400888676e-05	2.69413538404797e-06	-5.29646122383333e-06
107.78009160619999	2.00218400888676e-05	2.69413538404797e-06	-5.29646122383333e-06
107.88984730029999	2.00218400888676e-05	2.69413538404797e-06	-5.29646122383333e-06
107.9996029944	2.00218400888676e-05	2.69413538404797e-06	-5.29646122383333e-06
108.1093586885	2.00218400888676e-05	2.69413538404797e-06	-5.29646122383333e-06
108.2191143826	2.00218400888676e-05	2.69413538404797e-06	-5.29646122383333e-06
108.3288700767	2.00218400888676e-05	2.69413538404797e-06	-5.29646122383333e-06
108.4386257708	2.00218400888676e-05	2.69413538404797e-06	-5.29646122383333e-06
108.54838146489999	2.00218400888676e-05	2.69413538404797e-06	-5.29646122383333e-06
108.65813715899999	2.00218400888676e-05	2.69413538404797e-06	-5.29646122383333e-06
108.7678928531	2.00218400888676e-05	2.69413538404797e-06	-5.29646122383333e-06
108.8776485472	2.00218400888676e-05	2.69413538404797e-06	-5.29646122383333e-06
108.9874042413	2.00218400888676e-05	2.69413538404797e-06	-5.29646122383333e-06
109.0971599354	2.00218400888676e-05	2.69413538404797e-06	-5.29646122383333e-06
109.20691562949999	2.00218400888676e-05	2.69413538404797e-06	-5.29646122383333e-06
109.31667132359999	2.00218400888676e-05	2.69413538404797e-06	-5.29646122383333e-06
109.4264270177	2.00218400888676e-05	2.69413538404797e-06	-5.29646122383333e-06
109.5361827118	-7.24066471523195e-06	5.90453395902528e-05	-1.12978166416987e-05
109.6459384059	-7.24066471523195e-06	5.90453395902528e-05	-1.12978166416987e-05
109.7556941	-7.24066471523195e-06	5.90453395902528e-05	-1.12978166416987e-05
109.8654497941	-7.24066471523195e-06	5.90453395902528e-05	-1.12978166416987e-05
109.97520548819999	-7.24066471523195e-06	5.90453395902528e-05	-1.12978166416987e-05
110.08496118229999	-7.24066471523195e-06	5.90453395902528e-05	-1.12978166416987e-05
110.1947168764	-7.24066471523195e-06	5.90453395902528e-05	-1.12978166416987e-05
110.3044725705	-7.24066471523195e-06	5.90453395902528e-05	-1.12978166416987e-05
110.4142282646	-7.24066471523195e-06	5.90453395902528e-05	-1.12978166416987e-05
110.5239839587	-7.24066471523195e-06	5.90453395902528e-05	-1.12978166416987e-05
110.63373965279999	-7.24066471523195e-06	5.90453395902528e-05	-1.12978166416987e-05
110.74349534689999	-7.24066471523195e-06	5.90453395902528e-05	-1.12978166416987e-05
110.853251041	-7.24066471523195e-06	5.90453395902528e-05	-1.12978166416987e-05
110.9630067351	-7.24066471523195e-06	5.90453395902528e-05	-1.12978166416987e-05
111.0727624292	-7.24066471523195e-06	5.90453395902528e-05	-1.12978166416987e-05
111.1825181233	-7.24066471523195e-06	5.90453395902528e-05	-1.12978166416987e-05
111.2922738174	-7.24066471523195e-06	5.90453395902528e-05	-1.12978166416987e-05
111.40202951149999	-7.24066471523195e-06	5.90453395902528e-05	-1.12978166416987e-05
111.51178520559999	-7.24066471523195e-06	5.90453395902528e-05	-1.12978166416987e-05
111.6215408997	-7.24066471523195e-06	5.90453395902528e-05	-1.12978166416987e-05
111.7312965938	-7.24066471523195e-06	5.90453395902528e-05	-1.12978166416987e-05
111.8410522879	-7.24066471523195e-06	5.90453395902528e-05	-1.12978166416987e-05
111.950807982	-7.24066471523195e-06	5.90453395902528e-05	-1.12978166416987e-05
112.06056367609999	-7.24066471523195e-06	5.90453395902528e-05	-1.12978166416987e-05
112.17031937019999	-7.24066471523195e-06	5.90453395902528e-05	-1.12978166416987e-05
112.2800750643	-7.24066471523195e-06	5.90453395902528e-05	-1.12978166416987e-05
112.3898307584	-7.24066471523195e-06	5.90453395902528e-05	-1.12978166416987e-05
112.4995864525	-7.24066471523195e-06	5.90453395902528e-05	-1.12978166416987e-05
112.6093421466	-7.24066471523195e-06	5.90453395902528e-05	-1.12978166416987e-05
112.7190978407	-7.24066471523195e-06	5.90453395902528e-05	-1.12978166416987e-05
112.82885353479999	-7.24066471523195e-06	5.90453395902528e-05	-1.12978166416987e-05
112.93860922889999	-7.24066471523195e-06	5.90453395902528e-05	-1.12978166416987e-05
113.048364923	-7.24066471523195e-06	5.90453395902528e-05	-1.12978166416987e-05
113.1581206171	-7.24066471523195e-06	5.90453395902528e-05	-1.12978166416987e-05
113.2678763112	-7.24066471523195e-06	5.90453395902528e-05	-1.12978166416987e-05
113.3776320053	-7.24066471523195e-06	5.90453395902528e-05	-1.12978166416987e-05
113.48738769939999	-7.24066471523195e-06	5.90453395902528e-05	-1.12978166416987e-05
113.59714339349999	-7.24066471523195e-06	5.90453395902528e-05	-1.12978166416987e-05
113.7068990876	-7.24066471523195e-06	5.90453395902528e-05	-1.12978166416987e-05
113.8166547817	-7.24066471523195e-06	5.90453395902528e-05	-1.12978166416987e-05
113.9264104758	-7.24066471523195e-06	5.90453395902528e-05	-1.12978166416987e-05
114.0361661699	-7.24066471523195e-06	5.90453395902528e-05	-1.12978166416987e-05
114.145921864	-7.24066471523195e-06	5.90453395902528e-05	-1.12978166416987e-05
114.25567755809999	-7.24066471523195e-06	5.90453395902528e-05	-1.12978166416987e-05
114.36543325219999	-7.24066471523195e-06	5.90453395902528e-05	-1.12978166416987e-05
114.4751889463	-7.24066471523195e-06	5.90453395902528e-05	-1.12978166416987e-05
114.5849446404	-7.24066471523195e-06	5.90453395902528e-05	-1.12978166416987e-05
114.6947003345	-7.24066471523195e-06	5.90453395902528e-05	-1.12978166416987e-05
114.8044560286	-7.24066471523195e-06	5.90453395902528e-05	-1.12978166416987e-05
114.91421172269999	-7.77190695223826e-06	5.90191433627694e-05	-1.13334439110588e-05
115.02396741679999	-8.83546118782174e-06	5.89441606961297e-05	-1.14047655648123e-05
115.1337231109	-9.8996745078982e-06	5.88390684786418e-05	-1.1476165701759e-05
115.243478805	-1.0963685959243e-05	5.87038749415964e-05	-1.15476555189619e-05
115.3532344991	-1.20266069841069e-05	5.85385805207171e-05	-1.1619238907169e-05
115.4629901932	-1.30875506921305e-05	5.83431597434812e-05	-1.16909075895367e-05
115.5727458873	-1.41456056817066e-05	5.81175454563381e-05	-1.17626439532144e-05
115.68250158139999	-1.51998553081405e-05	5.78616683303588e-05	-1.18344243646017e-05
115.79225727549999	-1.62493908595583e-05	5.75755095761534e-05	-1.19062267245516e-05
115.9020129696	-1.72933232546829e-05	5.72591055311724e-05	-1.19780298570768e-05
116.0117686637	-1.83308041004694e-05	5.69126080883025e-05	-1.20498394759263e-05
116.1215243578	-1.93610447156611e-05	5.65362298110322e-05	-1.2121667617618e-05
116.2312800519	-2.03833311009126e-05	5.61302528725501e-05	-1.21935339889703e-05
116.34103574599999	-2.13969640781878e-05	5.56949624684216e-05	-1.22654602975175e-05
116.45079144009999	-2.24012475066789e-05	5.52306216463007e-05	-1.23374587850409e-05
116.5605471342	-2.33955723050377e-05	5.47373873887705e-05	-1.24095319611425e-05
116.6703028283	-2.43789095332701e-05	5.42155721756482e-05	-1.24816729022047e-05
116.7800585224	-2.53507065523189e-05	5.36652561412007e-05	-1.2553873538818e-05
116.8898142165	-2.63102409038323e-05	5.30866991926095e-05	-1.26261381370163e-05
116.9995699106	-2.72568421991659e-05	5.2480284436379e-05	-1.26984889332793e-05
117.10932560469999	-2.81899915893788e-05	5.18464950718565e-05	-1.27709650164857e-05
117.21908129879999	-2.91091808756428e-05	5.11858363123173e-05	-1.28436111988452e-05
117.3288369929	-3.00139154723288e-05	5.04987812399763e-05	-1.29164660036228e-05
117.438592687	-3.09036014706962e-05	4.97857520668177e-05	-1.29895479241925e-05
117.5483483811	-3.1777736053807e-05	4.90469312593991e-05	-1.30628465882176e-05
117.6581040752	-3.26354248480041e-05	4.82825022773673e-05	-1.31363251491755e-05
117.76785976929999	-3.34758842755804e-05	4.74925588282171e-05	-1.32099338900732e-05
117.87761546339999	-3.42982926882565e-05	4.66772462130589e-05	-1.32836303432697e-05
117.9873711575	-3.51019752279521e-05	4.58369136384221e-05	-1.33573978104113e-05
118.0971268516	-3.58863431578496e-05	4.49718780923672e-05	-1.34312519334545e-05
118.2068825457	-3.66509096280227e-05	4.40826369025756e-05	-1.35052317329685e-05
118.3166382398	-3.73953193471194e-05	4.31696119646144e-05	-1.35793808847247e-05
118.4263939339	-3.81189710665628e-05	4.22332061726928e-05	-1.36537275405673e-05
118.53614962799999	-3.8821448798387e-05	4.12736642742107e-05	-1.3728278187431e-05
118.64590532209999	-3.95020758855249e-05	4.02912125794536e-05	-1.38030162391798e-05
118.7556610162	-4.01601088362523e-05	3.92860651354963e-05	-1.38779127346554e-05
118.8654167103	-4.07948182158344e-05	3.82585046008914e-05	-1.39529433272006e-05
118.9751724044	-4.14055003492553e-05	3.72088061624511e-05	-1.40281024726754e-05
119.0849280985	-4.19915656676709e-05	3.61374263196528e-05	-1.41034089140488e-05
119.19468379259999	-4.255249814174e-05	3.50448292937272e-05	-1.41789013874964e-05
119.30443948669999	-4.30878709041808e-05	3.39314441340951e-05	-1.42546119129772e-05
119.4141951808	-4.3596485701221e-05	3.2798914953332e-05	-1.43297876766952e-05
119.5239508749	-4.4079807301926e-05	3.16440053197072e-05	-1.44057471516955e-05
119.633706569	-4.45350117324811e-05	3.04706115066443e-05	-1.44822106740088e-05
119.7434622631	-4.49620562670597e-05	2.92779899796787e-05	-1.45588818383196e-05
119.8532179572	-4.53600528764597e-05	2.80665135900481e-05	-1.46357264281776e-05
119.96297365129999	-4.57281766694856e-05	2.68366745195971e-05	-1.47127240026051e-05
120.07272934539999	-4.60657046064696e-05	2.5588992567437e-05	-1.47898724415501e-05
120.1824850395	-4.63719992507073e-05	2.43240605056374e-05	-1.48671907957587e-05
120.2922407336	-4.66465081328404e-05	2.30424688187694e-05	-1.49447083637448e-05
120.4019964277	-4.68886646426349e-05	2.17447819396077e-05	-1.50224515389619e-05
120.5117521218	-4.70978286232651e-05	2.04315576233649e-05	-1.51004348410205e-05
120.62150781589999	-4.72733394448591e-05	1.91033221876234e-05	-1.51786603203658e-05
120.73126350999999	-4.74144733034738e-05	1.77606862086434e-05	-1.52571197967278e-05
120.8410192041	-4.75204945141639e-05	1.64043260125117e-05	-1.53358033760771e-05
120.9507748982	-4.7590689949136e-05	1.50349156875847e-05	-1.54147058845487e-05
121.0605305923	-4.76243484184043e-05	1.36532439416198e-05	-1.54938324020339e-05
121.1702862864	-4.76209246015283e-05	1.22600756901295e-05	-1.55731953255005e-05
121.2800419805	-4.75796703230487e-05	1.08561675386885e-05	-1.56528137049218e-05
121.38979767459999	-4.7500166634928e-05	9.44239467305787e-06	-1.57327052735528e-05
121.49955336869999	-4.73817621722882e-05	8.0195995373923e-06	-1.58128785823702e-05
121.6093090628	-4.72238375686626e-05	6.588590512706e-06	-1.58933289141486e-05
121.7190647569	-4.7025594769671e-05	5.15047958697402e-06	-1.5974035774072e-05
121.828820451	-4.67863907144646e-05	3.70612185342798e-06	-1.60549673776474e-05
121.9385761451	-4.65055046350164e-05	2.25648259934775e-06	-1.61360891526596e-05
122.04833183919999	-4.61823078074694e-05	8.02630072133858e-07	-1.62173757076446e-05
122.15808753329999	-4.58162247424208e-05	-6.54413320342847e-07	-1.62988180064765e-05
122.2678432274	-4.54067616089279e-05	-2.1135627533111e-06	-1.63804194763149e-05
122.3775989215	-4.49534409723219e-05	-3.57375228186323e-06	-1.64621909687659e-05
122.4873546156	-4.44557756619211e-05	-5.03385031731694e-06	-1.65441360923032e-05
122.5971103097	-4.39132793846819e-05	-6.49273921162915e-06	-1.66262469067241e-05
122.70686600379999	-4.3325451739472e-05	-7.94942201667811e-06	-1.67089722079153e-05
122.81662169789999	-4.26917767130909e-05	-9.40252248649243e-06	-1.67918273740705e-05
122.92637739199999	-4.20117183705664e-05	-1.08507117984061e-05	-1.68743374033205e-05
123.0361330861	-4.12848179144846e-05	-1.22926773323957e-05	-1.69569518722314e-05
123.1458887802	-4.05106221550651e-05	-1.37270093879795e-05	-1.70396696208094e-05
123.2556444743	-3.96890308303801e-05	-1.51522826626519e-05	-1.71224919052426e-05
123.3654001684	-3.88194202901903e-05	-1.65671275538656e-05	-1.72054206459383e-05
123.47515586249999	-3.79016881691004e-05	-1.79699781351686e-05	-1.72884551737779e-05
123.58491155659999	-3.69355548327263e-05	-1.93593026316959e-05	-1.7371592543495e-05
123.6946672507	-3.59207868910169e-05	-2.07334710543956e-05	-1.74548283088249e-05
123.8044229448	-3.48573904530732e-05	-2.20908298643411e-05	-1.753815658115e-05
123.9141786389	-3.37451889637199e-05	-2.34296368515903e-05	-1.76215663466304e-05
124.023934333	-3.25841846170842e-05	-2.4748109052743e-05	-1.77050424358496e-05
124.13369002709999	-3.13744426784118e-05	-2.60445031380185e-05	-1.77885654150477e-05
124.24344572119999	-3.01161126981383e-05	-2.73173352778046e-05	-1.78725810368113e-05
124.35320141529999	-2.88095013122088e-05	-2.85638367984955e-05	-1.79560450703139e-05
124.4629571094	-2.74547477309365e-05	-2.97831332260906e-05	-1.8039600990708e-05
124.5727128035	-2.60524006856427e-05	-3.09731669707978e-05	-1.81231534099985e-05
124.6824684976	-2.46028965185323e-05	-3.21321458540406e-05	-1.82066989907824e-05
124.7922241917	-2.31067853393234e-05	-3.32583602464566e-05	-1.8290235084346e-05
124.90197988579999	-2.15646510609231e-05	-3.43497934552277e-05	-1.83737534488221e-05
125.01173557989999	-1.99771182102742e-05	-3.54046632391968e-05	-1.84572411138624e-05
125.121491274	-1.83452239185278e-05	-3.64213238933359e-05	-1.85406848818324e-05
125.2312469681	-1.66696547839001e-05	-3.739784534472e-05	-1.8624076820184e-05
125.3410026622	-1.49514467544944e-05	-3.83325348004465e-05	-1.87074142263602e-05
125.4507583563	-1.31916712635784e-05	-3.92237108431009e-05	-1.87906964606069e-05
125.56051405039999	-1.13914430637951e-05	-4.006970416515e-05	-1.88739182631587e-05
125.67026974449999	-9.55189149017419e-06	-4.08688241049777e-05	-1.8957066842728e-05
125.78002543859999	-7.67436089050083e-06	-4.16194676311637e-05	-1.90401243082378e-05
125.8897811327	-5.76004509152235e-06	-4.23199540419853e-05	-1.9123068101508e-05
125.9995368268	-3.81041776184991e-06	-4.29686795178536e-05	-1.92058767788888e-05
126.1092925209	-1.82692058166392e-06	-4.35640514640099e-05	-1.92885269318086e-05
126.219048215	1.88863065788571e-07	-4.41046969584639e-05	-1.93710007351958e-05
126.32880390909999	2.2353079942043e-06	-4.45890024352077e-05	-1.94532835663311e-05
126.43855960319999	4.31083497725085e-06	-4.50157207177853e-05	-1.95353684843341e-05
126.5483152973	6.4139328482427e-06	-4.53834712838843e-05	-1.96174841800578e-05
126.6580709914	8.54141875482546e-06	-4.56910674417841e-05	-1.97003141740873e-05
126.7678266855	1.06936528887559e-05	-4.59372489146813e-05	-1.97813824548537e-05
126.8775823796	1.28673013925932e-05	-4.61211299689582e-05	-1.98627261096661e-05
126.98733807369999	1.50607118674478e-05	-4.62416971014462e-05	-1.99439026363678e-05
127.09709376779999	1.7271939076934e-05	-4.62980470071572e-05	-2.00249305536562e-05
127.20684946189999	1.94990738759433e-05	-4.6289426197518e-05	-2.01058223930403e-05
127.316605156	2.17397532929968e-05	-4.62149424278316e-05	-2.01865989755909e-05
127.4263608501	2.39920116636277e-05	-4.60738853247387e-05	-2.02672627075381e-05
127.5361165442	2.62535011404339e-05	-4.58659249595996e-05	-2.03478083021462e-05
127.6458722383	2.85221782168992e-05	-4.55901601316535e-05	-2.04282907081603e-05
127.75562793239999	3.07956793025918e-05	-4.52463951801969e-05	-2.05085679500653e-05
127.86538362649999	3.30717715653731e-05	-4.48342948728662e-05	-2.05886990626101e-05
127.9751393206	3.53481897272922e-05	-4.43536716835406e-05	-2.06686702529155e-05
128.08489501469998	3.76227415572286e-05	-4.38044903408455e-05	-2.0748468598869e-05
128.1946507088	3.98931825377642e-05	-4.31867171036633e-05	-2.08280841014881e-05
128.30440640289999	4.21574323371462e-05	-4.25004854373442e-05	-2.09075070616701e-05
128.414162097	4.44134764091295e-05	-4.1745877699328e-05	-2.0986738623938e-05
128.5239177911	4.66591759271818e-05	-4.09232538408688e-05	-2.10657921895654e-05
128.6336734852	4.88926169249913e-05	-4.00328445223383e-05	-2.11448860899756e-05
128.7434291793	5.11117893500918e-05	-3.9075204675914e-05	-2.12235760578841e-05
128.85318487339998	5.33150230416634e-05	-3.80504046287485e-05	-2.13022743115551e-05
128.9629405675	5.55003227106691e-05	-3.69593015329291e-05	-2.13809211974689e-05
129.0726962616	5.7666025603006e-05	-3.58022511792331e-05	-2.14595485283715e-05
129.1824519557	5.98103212091569e-05	-3.45798192003518e-05	-2.1538185016351e-05
129.2922076498	6.19314355240196e-05	-3.32925700218672e-05	-2.16168494367338e-05
129.4019633439	6.40275345129124e-05	-3.19410111805162e-05	-2.16955431200084e-05
129.511719038	6.60968345397908e-05	-3.05256417382584e-05	-2.17742574890203e-05
129.62147473209998	6.81376886152413e-05	-2.90473684984636e-05	-2.18529779622408e-05
129.7312304262	7.01481400884601e-05	-2.75066084324057e-05	-2.19315775202099e-05
129.8409861203	7.21264578118147e-05	-2.59041693014028e-05	-2.20103065602628e-05
129.9507418144	7.40709830111087e-05	-2.42407866998599e-05	-2.20890031398823e-05
130.0604975085	7.59799819934982e-05	-2.25172453962081e-05	-2.21677896639418e-05
130.1702532026	7.78518936549598e-05	-2.07343469246309e-05	-2.22464936979351e-05
130.2800088967	7.96851787761464e-05	-1.88929402240156e-05	-2.23252248156466e-05
130.38976459079998	8.14783918578733e-05	-1.69938635004783e-05	-2.24040031633902e-05
130.4995202849	8.32300833463455e-05	-1.50379282933432e-05	-2.24828464188283e-05
130.609275979	8.49388883232917e-05	-1.30261829611699e-05	-2.25617756964285e-05
130.7190316731	8.66031432840826e-05	-1.09593726272832e-05	-2.26408146364384e-05
130.8287873672	8.82218572039382e-05	-8.83869040416384e-06	-2.27199923820091e-05
130.93854306129998	8.97934445265204e-05	-6.66498299344715e-06	-2.27993417708388e-05
131.0482987554	9.13164694061091e-05	-4.4395356401406e-06	-2.28788900966357e-05
131.15805444949999	9.27897043263236e-05	-2.16319671643143e-06	-2.2958652119823e-05
131.2678101436	9.42117128680494e-05	1.62947318362381e-07	-2.30386252976473e-05
131.3775658377	9.55812323326301e-05	2.53779139559225e-06	-2.31187965560026e-05
131.4873215318	9.68965418824201e-05	4.96032343057843e-06	-2.31991493923118e-05
131.5970772259	9.81577932717081e-05	7.42844588459151e-06	-2.32794137123685e-05
131.70683291999998	9.93592928224119e-05	9.94446369346633e-06	-2.33588072861732e-05
131.8165886141	0.000100505312985743	1.25023804204961e-05	-2.34401829106141e-05
131.9263443082	0.000101591410747997	1.5104283744552e-05	-2.35212172757465e-05
132.0361000023	0.000102617279215505	1.77481866587704e-05	-2.36024384164934e-05
132.1458556964	0.000103581508583483	2.04331082176866e-05	-2.36838585182263e-05
132.2556113905	0.000104483026773055	2.31578213527454e-05	-2.37654890689004e-05
132.3653670846	0.000105320643487287	2.5921200218389e-05	-2.38473409464961e-05
132.47512277869998	0.000106093142106704	2.87220864070553e-05	-2.39294253127934e-05
132.5848784728	0.000106799300998956	3.15592742461788e-05	-2.40117538136647e-05
132.6946341669	0.00010743777011929	3.44315646311376e-05	-2.4094340964251e-05
132.804389861	0.000108007524795047	3.73374430248421e-05	-2.41771872040155e-05
132.9141455551	0.000108507005643075	4.02757017329292e-05	-2.42603041632393e-05
133.02390124919998	0.000108935120942159	4.32449284279545e-05	-2.43436869373341e-05
133.1336569433	0.000109290532768109	4.62436022059233e-05	-2.44273264921861e-05
133.24341263739998	0.00010957193302069	4.92702217936798e-05	-2.45112151358532e-05
133.3531683315	0.000109778110684784	5.23232102639484e-05	-2.45953414266097e-05
133.4629240256	0.000109907817998394	5.54008968356565e-05	-2.46797003246683e-05
133.5726797197	0.000109959847911092	5.85016713886946e-05	-2.4764296875346e-05
133.6824354138	0.00010993305706116	6.16238836126011e-05	-2.48491374280503e-05
133.79219110789998	0.000109826369167988	6.47659566946058e-05	-2.4934232040631e-05
133.901946802	0.000109638750099779	6.7926180635954e-05	-2.50195900081665e-05
134.01170249609999	0.000109369083972474	7.11026406064444e-05	-2.5105216436452e-05
134.1214581902	0.000109016345755037	7.42938615761945e-05	-2.51911134341516e-05
134.2312138843	0.000108579453140507	7.74979236005244e-05	-2.52772798895113e-05
134.3409695784	0.000108057360450716	8.07130347789196e-05	-2.53637203607926e-05
134.4507252725	0.00010744905488207	8.39372945139294e-05	-2.54504367246659e-05
134.56048096659998	0.000106753466342349	8.71687768034884e-05	-2.55374388855111e-05
134.6702366607	0.000105969652014591	9.04052626965187e-05	-2.56247362721236e-05
134.7799923548	0.000105096373534874	9.36449499333636e-05	-2.57123364257098e-05
134.8897480489	0.000104132912688398	9.68855597929755e-05	-2.58002434179157e-05
134.999503743	0.000103078062476552	0.000100124975539619	-2.58884565262332e-05
135.1092594371	0.000101930812441022	0.000103360671435889	-2.59769720953148e-05
135.2190151312	0.000100690145883688	0.000106590169290979	-2.6065784356168e-05
135.32877082529998	9.93552983930044e-05	0.000109811551972712	-2.6154883557396e-05
135.4385265194	9.79250808765933e-05	0.000113021613530643	-2.62442617241069e-05
135.5482822135	9.63990590166445e-05	0.000116217922673058	-2.63339119881128e-05
135.6580379076	9.47759583639418e-05	0.000119397798836518	-2.64238113941596e-05
135.7677936017	9.30554791795331e-05	0.000122558307889507	-2.65139720889189e-05
135.87754929579998	9.12367666075268e-05	0.000125696580656331	-2.66043483234645e-05
135.9873049899	8.93193312473157e-05	0.000128809614584903	-2.66949392225736e-05
136.09706068399998	8.730272156649e-05	0.000131894396952264	-2.67857378317004e-05
136.2068163781	8.51865426389098e-05	0.000134947697934319	-2.68767405349107e-05
136.3165720722	8.29706296491762e-05	0.000137966438914911	-2.69679431635223e-05
136.4263277663	8.06548394795279e-05	0.00014094725253867	-2.70593419030911e-05
136.5360834604	7.82392156277855e-05	0.000143886491919926	-2.71509328193426e-05
136.64583915449998	7.57236872919529e-05	0.000146781098717879	-2.72427130550396e-05
136.7555948486	7.31087848262565e-05	0.000149627389627301	-2.73346807819227e-05
136.86535054269999	7.03946881257844e-05	0.00015242186423017	-2.74268289004742e-05
136.9751062368	6.75817649791721e-05	0.000155161028265237	-2.75191472446871e-05
137.0848619309	6.46708661428349e-05	0.00015784088172787	-2.76116253224537e-05
137.194617625	6.1662610467743e-05	0.000160458037668288	-2.77042477589547e-05
137.3043733191	5.85579365358778e-05	0.000163008612249896	-2.7796991443747e-05
137.41412901319998	5.53579287612362e-05	0.000165488714470265	-2.78898385868789e-05
137.5238847073	5.20638566868675e-05	0.000167894687240077	-2.79827832597984e-05
137.6336404014	4.86769185252235e-05	0.000170222864578851	-2.80762425420249e-05
137.7433960955	4.51992297060766e-05	0.000172469055439981	-2.81693309311776e-05
137.8531517896	4.1631954680775e-05	0.000174629891847155	-2.82624767210801e-05
137.9629074837	3.79771909557214e-05	0.000176701667273695	-2.83556730478805e-05
138.0726631778	3.4237166326736e-05	0.000178680940492458	-2.84489067517938e-05
138.18241887189998	3.04140299203628e-05	0.000180563932428983	-2.85421645891055e-05
138.292174566	2.65102108732397e-05	0.000182347102757612	-2.86354333963142e-05
138.4019302601	2.25283345988585e-05	0.000184027041693936	-2.87286961062682e-05
138.5116859542	1.84711661194968e-05	0.000185599919104896	-2.88219372587142e-05
138.6214416483	1.43416782052964e-05	0.000187062588038848	-2.89153039242555e-05
138.73119734239998	1.01429775637082e-05	0.0001884116905664	-2.9008433532057e-05
138.8409530365	5.87834234282269e-06	0.000189643772745989	-2.91015327624402e-05
138.95070873059998	1.55136666429976e-06	0.000190755745710867	-2.91945571385789e-05
139.0604644247	-2.83440863917322e-06	0.000191744536912444	-2.92874977181696e-05
139.1702201188	-7.27496060325611e-06	0.000192607272919317	-2.9380350258468e-05
139.2799758129	-1.17665878203343e-05	0.000193341228567691	-2.94731140073189e-05
139.389731507	-1.63051341623905e-05	0.000193943834912373	-2.95657881554589e-05
139.49948720109998	-2.08864396013617e-05	0.000194412688035665	-2.96583735223157e-05
139.6092428952	-2.55064263802034e-05	0.000194745574957623	-2.97508713049371e-05
139.71899858929999	-3.01604467466792e-05	0.00019494060372005	-2.98432818307805e-05
139.8287542834	-3.48443489557442e-05	0.00019499576276794	-2.99356046946722e-05
139.9385099775	-3.95535346164358e-05	0.000194909385402599	-3.00278385383716e-05
140.0482656716	-4.42833529139808e-05	0.000194679856365019	-3.0119982031733e-05
140.1580213657	-4.90290706219217e-05	0.000194305849115627	-3.02120333436666e-05
140.26777705979998	-5.37859123549249e-05	0.000193786169863784	-3.03039886207838e-05
140.3775327539	-5.85488720029597e-05	0.000193119810887856	-3.03958394810759e-05
140.487288448	-6.33130550399325e-05	0.000192305850256392	-3.04875694528141e-05
140.5970441421	-6.80733475352982e-05	0.000191343458651479	-3.05791555838857e-05
140.7067998362	-7.28246647362768e-05	0.000190232247345465	-3.06705814278881e-05
140.8165555303	-7.756212553059e-05	0.0001889716708626	-3.07618402695294e-05
140.9263112244	-8.22805791198133e-05	0.000187561873587062	-3.08529281459474e-05
141.03606691849998	-8.6974996969826e-05	0.000186002584698581	-3.09438455706745e-05
141.1458226126	-9.16403627287655e-05	0.000184294463775953	-3.1034598895139e-05
141.2555783067	-9.62715166099845e-05	0.000182437964613635	-3.11251993304669e-05
141.3653340008	-0.000100863646477512	0.000180433830709221	-3.1215661901132e-05
141.4750896949	-0.00010541203034908	0.000178282844583221	-3.13060027489314e-05
141.58484538899998	-0.000109911390890815	0.000175986325091418	-3.13962404621591e-05
141.6946010831	-0.000114356986720284	0.000173545251312682	-3.14863901653237e-05
141.80435677719998	-0.000118743772540704	0.000170961200639711	-3.15764630983154e-05
141.9141124713	-0.000123067008459239	0.00016823565647029	-3.16664660991797e-05
142.0238681654	-0.000127321822217207	0.000165370333191226	-3.17563996910672e-05
142.1336238595	-0.000131503328670851	0.000162367251269189	-3.18462550967791e-05
142.2433795536	-0.000135606860284118	0.000159228494746544	-3.19360344062036e-05
142.35313524769998	-0.00013962757654066	0.000155956183360624	-3.20257436087752e-05
142.4628909418	-0.000143561203577326	0.000152552742340661	-3.21153906976241e-05
142.57264663589999	-0.00014740331042168	0.000149021005413129	-3.22049942815078e-05
142.68240233	-0.000151149526197665	0.000145363271446531	-3.22945801466547e-05
142.7921580241	-0.000154795898662928	0.000141583187902675	-3.23841868751508e-05
142.9019137182	-0.000158338465872701	0.000137683555878169	-3.24738580465059e-05
143.0116694123	-0.000161773517219793	0.000133667594256417	-3.25636127893753e-05
143.12142510639998	-0.000165097122832722	0.000129538846251329	-3.26534811990601e-05
143.2311808005	-0.00016830590197658	0.000125300682833137	-3.27434676742764e-05
143.3409364946	-0.000171396150297659	0.000120956845274949	-3.28335815780706e-05
143.4506921887	-0.000174364646149655	0.000116510809041491	-3.29238470618263e-05
143.5604478828	-0.000177208131120196	0.000111966453426167	-3.30142177070597e-05
143.6702035769	-0.00017992349062284	0.000107327503012041	-3.31047199941449e-05
143.779959271	-0.000182507894798161	0.000102598432059575	-3.31953480806862e-05
143.88971496509998	-0.000184958737695042	9.77827313381129e-05	-3.32861096599891e-05
143.9994706592	-0.0001872731258758	9.28844808547297e-05	-3.337700333481e-05
144.1092263533	-0.000189448702846872	8.79079489936652e-05	-3.34680229688743e-05
144.2189820474	-0.000191483026385898	8.28573656122388e-05	-3.35591592211354e-05
144.3287377415	-0.000193373686745414	7.77369189233917e-05	-3.36504032098875e-05
144.43849343559998	-0.000195118902478448	7.25506867041677e-05	-3.37417420115434e-05
144.5482491297	-0.000196716663114797	6.73030120640422e-05	-3.3833317376023e-05
144.65800482379998	-0.000198165488506891	6.1998512784586e-05	-3.3924876553923e-05
144.7677605179	-0.000199464166855003	5.66413531196798e-05	-3.40164782205895e-05
144.877516212	-0.000200611461399356	5.12358107186848e-05	-3.41082466941817e-05
144.9872719061	-0.000201606737479005	4.57865072885086e-05	-3.42001568314614e-05
145.0970276002	-0.000202448399076042	4.02974261506891e-05	-3.42922040833057e-05
145.20678329429998	-0.000203135658563293	3.47730077977695e-05	-3.4384369822429e-05
145.3165389884	-0.000203667223360199	2.92172770118781e-05	-3.44766232648773e-05
145.4262946825	-0.000204042105407127	2.36349520013191e-05	-3.45689239969644e-05
145.5360503766	-0.000204259375842099	1.80301595033043e-05	-3.46612419959335e-05
145.6458060707	-0.000204318446581313	1.24072805081348e-05	-3.47535646488459e-05
145.7555617648	-0.000204219121127148	6.77031455990283e-06	-3.48459091462794e-05
145.8653174589	-0.000203961466279844	1.12365794494666e-06	-3.49383053741786e-05
145.97507315299998	-0.000203545516475853	-4.52874358506784e-06	-3.50307839727936e-05
146.0848288471	-0.000202971337835637	-1.01828520671421e-05	-3.51233629845672e-05
146.1945845412	-0.000202238785891875	-1.5834804992406e-05	-3.52160354773633e-05
146.3043402353	-0.000201347375073723	-2.14804231799868e-05	-3.53087693341634e-05
146.4140959294	-0.000200297008559903	-2.71156916700335e-05	-3.54015255672541e-05
146.5238516235	-0.000199087272749275	-3.27365311115868e-05	-3.54942826726083e-05
146.6336073176	-0.000197718723603759	-3.83387968307933e-05	-3.55870472248345e-05
146.74336301169998	-0.000196191566598528	-4.39182963740723e-05	-3.56794124054729e-05
146.8531187058	-0.000194506348542987	-4.94716092377994e-05	-3.57723243976285e-05
146.9628743999	-0.00019266425699303	-5.49946307006391e-05	-3.58653739538683e-05
147.072630094	-0.000190665854936618	-6.04838804909645e-05	-3.59585804074726e-05
147.1823857881	-0.000188511608247735	-6.59352400726421e-05	-3.60519189413314e-05
147.29214148219998	-0.000186201618962848	-7.1344568099832e-05	-3.61453325489642e-05
147.4018971763	-0.000183736372327822	-7.67077842613743e-05	-3.62387446997749e-05
147.51165287039998	-0.000181116169155428	-8.20203646392301e-05	-3.63320954231379e-05
147.6214085645	-0.000178341582877452	-8.72782127289313e-05	-3.64253525352757e-05
147.7311642586	-0.000175414093706246	-9.24775038305326e-05	-3.65185254815794e-05
147.8409199527	-0.000172334786626886	-9.76145644536409e-05	-3.66116525408243e-05
147.9506756468	-0.000169105266011074	-0.000102685576440586	-3.67047794648858e-05
148.06043134089998	-0.000165727049682538	-0.000107687277427165	-3.67979305204701e-05
148.170187035	-0.000162201434457784	-0.00011261572005502	-3.68910904495904e-05
148.2799427291	-0.000158529348399376	-0.000117467439323037	-3.69842059498196e-05
148.3896984232	-0.000154711872524138	-0.000122237982140988	-3.70772114313477e-05
148.4994541173	-0.000150750137609697	-0.000126923272465891	-3.71700420431712e-05
148.6092098114	-0.000146645466259414	-0.000131518895966454	-3.72626626622405e-05
148.7189655055	-0.000142399834935083	-0.000136021295406634	-3.73550752761568e-05
148.82872119959998	-0.000138014994686522	-0.000140426805354508	-3.74473328704622e-05
148.9384768937	-0.0001334929537095	-0.000144732198747689	-3.75394854540302e-05
149.0482325878	-0.000128836007382858	-0.000148933897986752	-3.76315976476553e-05
149.1579882819	-0.000124045673328923	-0.000153028300462559	-3.77236707574616e-05
149.267743976	-0.000119123794529214	-0.000157011557232327	-3.78156893003724e-05
149.3774996701	-0.000114072309669064	-0.000160879634698126	-3.7907612868608e-05
149.4872553642	-0.00010889313201961	-0.000164628251892227	-3.79993978289325e-05
149.59701105829998	-0.000103588601067919	-0.000168253226865271	-3.80910322028484e-05
149.7067667524	-9.816085653502e-05	-0.000171750428103002	-3.81825333490476e-05
149.8165224465	-9.26131995237551e-05	-0.000175116429495681	-3.82739426443816e-05
149.9262781406	-8.97984970640455e-05	-0.000176750557381952	-3.83185980416358e-05
150.0360338347	-8.11673402065761e-05	-0.000181442417420444	-3.84551568902706e-05
150.14578952879998	-7.52767840528457e-05	-0.000184392452930358	-3.85471255557517e-05
150.2555452229	-6.92766154828219e-05	-0.000187199290273604	-3.86386420442928e-05
150.36530091699998	-6.31704334441191e-05	-0.000189857067116547	-3.87302056135091e-05
150.4750566111	-5.6961366968573e-05	-0.000192362111857238	-3.88217873602218e-05
150.5848123052	-5.06528467251396e-05	-0.000194710504276985	-3.89133640747473e-05
150.6945679993	-4.42482831156346e-05	-0.000196898566178124	-3.90049353352986e-05
150.8043236934	-3.77511004233624e-05	-0.000198922804693809	-3.90965249816736e-05
150.91407938749998	-3.11654638075894e-05	-0.000200780092850319	-3.91881679065933e-05
151.0238350816	-2.44949429059796e-05	-0.000202467194580416	-3.92798992583892e-05
151.1335907757	-1.77428623584855e-05	-0.000203981195011004	-3.93717303109939e-05
151.2433464698	-1.09137249845283e-05	-0.000205318700009199	-3.94636693196963e-05
151.3531021639	-4.01137775076087e-06	-0.000206476471244104	-3.95556979925607e-05
151.462857858	2.9724276129436e-06	-0.000207416534091525	-3.96478160847467e-05
151.5726135521	1.00072802879199e-05	-0.00020820410607762	-3.97399856572905e-05
151.68236924619998	1.7101814644933e-05	-0.000208802301580091	-3.98322210921045e-05
151.7921249403	2.42513125227243e-05	-0.000209208035150821	-3.99245375699951e-05
151.9018806344	3.14511732213871e-05	-0.000209418696699847	-4.00169617213977e-05
152.0116363285	3.86962853777109e-05	-0.000209431717967978	-4.0109524723939e-05
152.1213920226	4.59823089365187e-05	-0.000209244443685726	-4.02026974255486e-05
152.23114771669998	5.33024415302127e-05	-0.000208855237474445	-4.02960620755612e-05
152.3409034108	6.06529672626473e-05	-0.000208260900571122	-4.03891931639829e-05
152.45065910489998	6.80280364589541e-05	-0.00020745927970589	-4.04825264631026e-05
152.560414799	7.54216596176683e-05	-0.000206448471011039	-4.0576053591172e-05
152.6701704931	8.28282211387952e-05	-0.000205225875374352	-4.06697673215991e-05
152.7799261872	9.02417480975066e-05	-0.000203789933279376	-4.0763673475951e-05
152.8896818813	9.76560149662451e-05	-0.000202138817120595	-4.08577869759564e-05
152.99943757539998	0.000105065214115072	-0.000200271371675819	-4.09521312107089e-05
153.1091932695	0.000112463075103767	-0.000198186055717451	-4.10467589536591e-05
153.21894896359998	0.000119843088867703	-0.000195881965062976	-4.11416752408208e-05
153.3287046577	0.000127198930925852	-0.00019335818661901	-4.12369079441286e-05
153.4384603518	0.00013452394051773	-0.00019061379937022	-4.1332471702191e-05
153.5482160459	0.000141811509541652	-0.000187648420474108	-4.14283745683872e-05
153.65797174	0.000149054910531109	-0.000184461490257426	-4.15246446023953e-05
153.76772743409998	0.000156247037416613	-0.000181053196497407	-4.16212536184503e-05
153.8774831282	0.000163381274247334	-0.000177423608090522	-4.17182439242061e-05
153.9872388223	0.000170450579744095	-0.000173573179339209	-4.18156468414443e-05
154.0969945164	0.000177448199315715	-0.000169502716649833	-4.19134969238067e-05
154.2067502105	0.000184367219306051	-0.000165213152633186	-4.20118302207936e-05
154.3165059046	0.00019120071322085	-0.000160705504930735	-4.21106733415119e-05
154.4262615987	0.000197941645927434	-0.00015598124598257	-4.22100529207168e-05
154.53601729279998	0.000204583064781718	-0.000151042271692345	-4.23099801024081e-05
154.6457729869	0.000211117828393918	-0.000145890216659779	-4.24104764493732e-05
154.755528681	0.000217539030236912	-0.000140527401212973	-4.25115653397212e-05
154.8652843751	0.000223839883368328	-0.000134956104200966	-4.26132750880233e-05
154.9750400692	0.000230013312362148	-0.000129179094122664	-4.27156340624211e-05
155.08479576329998	0.000236052887682417	-0.000123199408463583	-4.2818672685663e-05
155.1945514574	0.000241951642236004	-0.000117020068530548	-4.29224237973588e-05
155.30430715149998	0.000247703237840906	-0.000110644623378039	-4.30269182226615e-05
155.4140628456	0.000253301129498524	-0.000104076810851522	-4.31321804892824e-05
155.5238185397	0.000258738724773697	-9.73202139943929e-05	-4.32382259545691e-05
155.6335742338	0.00026401008863204	-9.03782752757473e-05	-4.3345493102867e-05
155.7433299279	0.00026910775015151	-8.32588571280686e-05	-4.34537738067565e-05
155.85308562199998	0.000274026570263963	-7.5962125154168e-05	-4.35620108213559e-05
155.9628413161	0.00027876054479715	-6.84951500887577e-05	-4.36712781492339e-05
156.07259701019998	0.000283303606299474	-6.0862684769211e-05	-4.37813664994653e-05
156.1823527043	0.000287650258815774	-5.30699161699178e-05	-4.38923072768489e-05
156.2921083984	0.000291795169014863	-4.51222877670243e-05	-4.4004082081873e-05
156.4018640925	0.000295732810027817	-3.70256456737186e-05	-4.41167262748655e-05
156.5116197866	0.000299458087799835	-2.87854173165843e-05	-4.42302410300571e-05
156.62137548069998	0.00030296484079641	-2.04082165771568e-05	-4.43447671189366e-05
156.7311311748	0.000306251891171984	-1.18961951935078e-05	-4.44604444832322e-05
156.8408868689	0.000309309704807496	-3.26297301846776e-06	-4.45766511160752e-05
156.950642563	0.000312136996737748	5.49008332151369e-06	-4.4693773418459e-05
157.0603982571	0.000314729621078183	1.43561884191355e-05	-4.48118188204783e-05
157.1701539512	0.000317083403955352	2.3328141722476e-05	-4.4930794501289e-05
157.2799096453	0.000319195134110663	3.23994451136639e-05	-4.50507227304523e-05
157.38966533939998	0.000321061487257013	4.15628974921516e-05	-4.51717593908836e-05
157.4994210335	0.000322679824863611	5.08113204481585e-05	-4.52935425240039e-05
157.6091767276	0.000324046492019818	6.01377126353762e-05	-4.54163178001379e-05
157.7189324217	0.000325159116553588	6.95351551165387e-05	-4.55399768620801e-05
157.8286881158	0.000326015059771451	7.89963705289635e-05	-4.56645803281395e-05
157.93844380989998	0.000326612075476993	8.85140944629045e-05	-4.5790138733858e-05
158.048199504	0.000326948366732519	9.80810326503192e-05	-4.59166669978877e-05
158.15795519809998	0.000327021961910027	0.000107689714320218	-4.60441712495216e-05
158.2677108922	0.000326831414007404	0.000117332205243015	-4.61726617101351e-05
158.3774665863	0.000326375364342654	0.000127001360571104	-4.63021483986769e-05
158.4872222804	0.000325652607783567	0.000136689435734216	-4.64326366475511e-05
158.5969779745	0.000324663126194478	0.000146388294827859	-4.65640050947136e-05
158.70673366859998	0.000323403511466959	0.000156091127684049	-4.66959824933672e-05
158.8164893627	0.000321877379856308	0.000165789108604286	-4.68295855086604e-05
158.92624505679998	0.000320081791847262	0.000175474892320731	-4.69640367103332e-05
159.0360007509	0.000318017349951166	0.000185140535798328	-4.70994415886317e-05
159.145756445	0.000315684262643159	0.000194778425923846	-4.72357800309021e-05
159.2555121391	0.000313083225967707	0.000204380425537936	-4.73730308517255e-05
159.3652678332	0.000310214327822685	0.000213938591832893	-4.75111679736526e-05
159.47502352729998	0.000307079080225439	0.00022344541697413	-4.76501776582532e-05
159.5847792214	0.000303678450425763	0.000232892981683766	-4.77900402119457e-05
159.6945349155	0.000300014109466757	0.000242274025130708	-4.79307442086638e-05
159.8042906096	0.000296087726797049	0.000251581064382114	-4.80722750462029e-05
159.9140463037	0.000291901343174005	0.000260806827688732	-4.82146399362845e-05
160.0238019978	0.000287457001045997	0.000269944266200381	-4.83578301667232e-05
160.1335576919	0.000282757083235143	0.000278985821157332	-4.85018433184372e-05
160.24331338599998	0.000277804015622108	0.000287924215708779	-4.86466701513646e-05
160.3530690801	0.000272601018489916	0.000296752264777653	-4.87923127752959e-05
160.4628247742	0.000267150481477548	0.000305462602671899	-4.89387464122053e-05
160.5725804683	0.000261453690409593	0.000314050028120051	-4.90859545080288e-05
160.6823361624	0.000255518031620763	0.000322504326034002	-4.92339143086248e-05
160.79209185649998	0.00024934290032746	0.000330820289741019	-4.938260673918e-05
160.9018475506	0.000242932493649523	0.000338992054259516	-4.95320232385329e-05
161.01160324469998	0.000236289575071459	0.000347013275304532	-4.96821641624777e-05
161.1213589388	0.000229420679214825	0.000354874406073283	-4.98330514539279e-05
161.2311146329	0.000222313170808276	0.000362583100896031	-4.99847163781042e-05
161.340870327	0.0002150078059621	0.000370110930060385	-5.01371868547249e-05
161.4506260211	0.000207477320989658	0.000377469771083467	-5.02904870699928e-05
161.56038171519998	0.000199736636055762	0.000384649933573199	-5.04446502853003e-05
161.6701374093	0.000191788361483127	0.000391646222310862	-5.0599681737123e-05
161.77989310339998	0.000183638663615873	0.000398452672208655	-5.07555858327386e-05
161.8896487975	0.000175292359165287	0.000405064562584905	-5.0912343217295e-05
161.9994044916	0.000166754906909864	0.000411476635549057	-5.10699284868728e-05
162.1091601857	0.00015803098331578	0.000417682930548743	-5.12283047160633e-05
162.2189158798	0.000149125385443708	0.000423678354402854	-5.13876138207149e-05
162.32867157389998	0.000140044519621642	0.000429458252064379	-5.15480100484663e-05
162.438427268	0.00013079249873864	0.000435017444307479	-5.17085548376395e-05
162.5481829621	0.000121375309337746	0.000440351588643945	-5.18697724878963e-05
162.6579386562	0.000111797943868021	0.000445456712732509	-5.20316474352847e-05
162.7676943503	0.000102066716660275	0.00045032837505627	-5.21941786311066e-05
162.8774500444	9.2193550066479e-05	0.000454969510738051	-5.23570889469307e-05
162.9872057385	8.21632462365865e-05	0.000459356406678394	-5.2520861250175e-05
163.09696143259998	7.20023113045671e-05	0.000463505586436143	-5.26853604454205e-05
163.2067171267	6.17092861364329e-05	0.000467407027173628	-5.28505255171505e-05
163.3164728208	5.12899321052924e-05	0.000471057405441914	-5.30163538246864e-05
163.4262285149	4.0749966960963e-05	0.000474453234731357	-5.31828367615913e-05
163.535984209	3.00959987778507e-05	0.000477591754458969	-5.33498021567426e-05
163.64573990309998	1.93304371985298e-05	0.000480468247005316	-5.35173968741218e-05
163.7554955972	8.46244256028898e-06	0.000483080566286919	-5.36857699378904e-05
163.86525129129998	-2.50324462954042e-06	0.00048542515142938	-5.38547365522962e-05
163.9750069854	-1.35607985782986e-05	0.000487498819695243	-5.4024288317642e-05
164.0847626795	-2.47041199994838e-05	0.000489298778620056	-5.41944224600781e-05
164.1945183736	-3.59273495993668e-05	0.000490822344580802	-5.43651578060607e-05
164.3042740677	-4.72244400945478e-05	0.000492067136886113	-5.45365162222994e-05
164.41402976179998	-5.8589264473712e-05	0.00049303074674414	-5.47085334888896e-05
164.5237854559	-7.00154115351991e-05	0.000493710957672071	-5.48812365910497e-05
164.63354114999999	-8.1496650344406e-05	0.000494105556446934	-5.50546494577787e-05
164.7432968441	-9.30267279101798e-05	0.000494212469048642	-5.52287805329892e-05
164.8530525382	-0.000104598668022452	0.000494028923070277	-5.54036226647666e-05
164.9628082323	-0.000116205697476161	0.000493552563150615	-5.55791596423486e-05
165.0725639264	-0.000127840982146729	0.000492780781246676	-5.57553722283417e-05
165.18231962049998	-0.000139497100820554	0.000491711349942248	-5.59322448769244e-05
165.2920753146	-0.000151166931305674	0.000490341703863986	-5.61097517854728e-05
165.4018310087	-0.000162842902877383	0.000488669899116387	-5.62878840859395e-05
165.5115867028	-0.000174517612642414	0.000486693992613311	-5.64666361774319e-05
165.6213423969	-0.000186183348509349	0.000484412095592096	-5.66460038375958e-05
165.731098091	-0.000197832802572193	0.000481822922921737	-5.68259851756569e-05
165.8408537851	-0.000209457561902852	0.000478924822681813	-5.70065645927294e-05
165.95060947919998	-0.000221050450593239	0.000475716714543619	-5.71877414163683e-05
166.0603651733	-0.000232603154428916	0.000472197539668735	-5.73695474001184e-05
166.1701208674	-0.000244107631788503	0.0004683663539493	-5.75519390370619e-05
166.2798765615	-0.000255555448907046	0.000464223079867497	-5.773492006704e-05
166.3896322556	-0.000266938702757265	0.000459767077977492	-5.79185181879112e-05
166.49938794969998	-0.000278248722872323	0.000454997724026288	-5.81027419033655e-05
166.6091436438	-0.00028947691909212	0.000449914374771548	-5.82875999878349e-05
166.71889933789998	-0.000300614095446507	0.000444517468184293	-5.84730963544864e-05
166.828655032	-0.000311650566177643	0.00043880787757413	-5.86587903202084e-05
166.9384107261	-0.000322578997773256	0.000432781226392462	-5.88456044917953e-05
167.0481664202	-0.000333387342198248	0.000426445426483923	-5.90331018830744e-05
167.1579221143	-0.000344067613153447	0.000419798049339447	-5.92212945477007e-05
167.26767780839998	-0.000354603053431346	0.000412846413806954	-5.94102050773687e-05
167.3774335025	-0.000365010160531092	0.000405564337063583	-5.95998554593203e-05
167.48718919659999	-0.000375245374041334	0.000397998281488993	-5.97902552375989e-05
167.5969448907	-0.000385317956763703	0.000390121266446627	-5.9982251622418e-05
167.7067005848	-0.000395215554852813	0.000381942667578162	-6.01742627558959e-05
167.8164562789	-0.000404927806031909	0.000373465160121062	-6.03669843829919e-05
167.926211973	-0.000414445416963961	0.000364692640388545	-6.05604800882167e-05
168.03596766709998	-0.000423758712981347	0.000355629151851876	-6.07547421249967e-05
168.1457233612	-0.000432857801527726	0.000346278828742341	-6.09497908215382e-05
168.2554790553	-0.000441732804829889	0.000336646072547335	-6.1145517989261e-05
168.3652347494	-0.000450373971388349	0.000326736290751402	-6.13419438379114e-05
168.4749904435	-0.000458771149521224	0.000316554972375633	-6.15390536035508e-05
168.5847461376	-0.000466915490909529	0.000306108194092712	-6.1736814002147e-05
168.6945018317	-0.000474804480776514	0.000295410245627138	-6.19352110668206e-05
168.80425752579998	-0.000482399897694695	0.000284438985875304	-6.21342158502941e-05
168.9140132199	-0.000489736900082454	0.000273238198113362	-6.2333800868364e-05
169.023768914	-0.000496777168907695	0.000261794580757607	-6.2533920247108e-05
169.1335246081	-0.000503518452186507	0.00025011935574614	-6.27345552252999e-05
169.2432803022	-0.000509950883746408	0.000238221251541409	-6.29356738735136e-05
169.35303599629998	-0.000516067810020398	0.000226108166335833	-6.31372251009282e-05
169.4627916904	-0.000521861851196019	0.000213788390700563	-6.33391984111712e-05
169.57254738449998	-0.000527323666462939	0.000201270542980378	-6.35415538090146e-05
169.6823030786	-0.00053244491533316	0.000188564404540933	-6.37442673287115e-05
169.7920587727	-0.000537218295696836	0.000175679683262603	-6.39473217389075e-05
169.9018144668	-0.000541637148720766	0.000162626180547101	-6.41506989880742e-05
170.0115701609	-0.000545694825007634	0.000149414199336059	-6.43543780568892e-05
170.12132585499998	-0.000549384488310108	0.000136054599603588	-6.45584913684404e-05
170.2310815491	-0.000552701583330136	0.000122558085384422	-6.47629131364321e-05
170.34083724319999	-0.000555639801729408	0.00010893614936474	-6.49674924487137e-05
170.4505929373	-0.000558194328870217	9.51998215450457e-05	-6.51723788645022e-05
170.5603486314	-0.000560360647367427	8.13612907684826e-05	-6.53776473468621e-05
170.6701043255	-0.000562134469921169	6.74322650407997e-05	-6.5583271072602e-05
170.7798600196	-0.000563512288814597	5.34245158852513e-05	-6.57891063973094e-05
170.88961571369998	-0.000564490718475077	3.93506486608496e-05	-6.59953373301795e-05
170.9993714078	-0.000565067052273181	2.52229692366076e-05	-6.62019537933044e-05
171.1091271019	-0.000565239234280663	1.10542183439362e-05	-6.64089676131828e-05
171.218882796	-0.000565005313695366	-3.14293229104296e-06	-6.66163940554017e-05
171.3286384901	-0.00056436383957053	-1.73558535823404e-05	-6.68242406717097e-05
171.43839418419998	-0.000563313631296086	-3.15719156099022e-05	-6.70325180591355e-05
171.5481498783	-0.000561853982817012	-4.57783785687853e-05	-6.72412321959982e-05
171.65790557239998	-0.000559985001262059	-5.9962064209422e-05	-6.7450388522003e-05
171.7676612665	-0.000557707295213675	-7.41104189204304e-05	-6.76599849664896e-05
171.8774169606	-0.000555021784380674	-8.82104414082305e-05	-6.78700086386065e-05
171.9871726547	-0.000551930044372525	-0.000102249646225878	-6.80804545612118e-05
172.0969283488	-0.000548433547607635	-0.000116215729177213	-6.82913159558695e-05
172.20668404289998	-0.000544534509428009	-0.000130095881753088	-6.85025971099806e-05
172.316439737	-0.000540235607397016	-0.000143878457400854	-6.87143215373191e-05
172.42619543109998	-0.000535540099942154	-0.000157551399279733	-6.8926483158183e-05
172.5359511252	-0.000530451846738471	-0.000171103036232299	-6.9139122228122e-05
172.6457068193	-0.000524974624627403	-0.000184521924501639	-6.93522659249923e-05
172.7554625134	-0.000519112983008788	-0.000197796747773092	-6.95659407235995e-05
172.8652182075	-0.000512871976983277	-0.000210916649510178	-6.97801750395907e-05
172.97497390159998	-0.00050625679570306	-0.000223870455396001	-6.99949894604121e-05
173.0847295957	-0.000499272386034742	-0.000236647571509581	-7.0210392034641e-05
173.19448528979999	-0.000491924569800887	-0.000249237343763244	-7.04263904434511e-05
173.3042409839	-0.000484219429492241	-0.000261629680538141	-7.06429869911671e-05
173.413996678	-0.000476163370363677	-0.00027381419965249	-7.08601755930781e-05
173.5237523721	-0.000467762550040866	-0.000285781159536876	-7.10779318615353e-05
173.6335080662	-0.000459023707105977	-0.000297521175970802	-7.12962641496125e-05
173.74326376029998	-0.000449954208977632	-0.000309024049044067	-7.15151362014699e-05
173.8530194544	-0.000440559725073018	-0.000320280271089009	-7.17347166883599e-05
173.9627751485	-0.000430844558659225	-0.000331284318491835	-7.19545051427702e-05
174.0725308426	-0.000420822251112697	-0.000342022103521376	-7.2174745959635e-05
174.1822865367	-0.000410495484420166	-0.000352488255031892	-7.23953620775417e-05
174.29204223079998	-0.000399874606796564	-0.000362671535724508	-7.261634087183e-05
174.4017979249	-0.000388949396002704	-0.000372577910552853	-7.28376969899704e-05
174.51155361899998	-0.000377767940302515	-0.000382177068901875	-7.3058947608288e-05
174.6213093131	-0.000366301483722187	-0.000391478513419514	-7.32806569978465e-05
174.7310650072	-0.000354573999213083	-0.000400473518648888	-7.35033647043265e-05
174.8408207013	-0.0003425902928619	-0.000409155637686363	-7.37266400912957e-05
174.9505763954	-0.00033036060351681	-0.000417518418217264	-7.39505028090318e-05
175.06033208949998	-0.000317893128471854	-0.000425556544887355	-7.41749461642249e-05
175.1700877836	-0.00030519737706359	-0.000433263690357758	-7.43999752980676e-05
175.27984347769998	-0.000292281885963001	-0.00044063387390681	-7.46255524620002e-05
175.3895991718	-0.000279160192106828	-0.00044766474940171	-7.48516578001159e-05
175.4993548659	-0.000265823360273387	-0.000454331233278776	-7.50782849258472e-05
175.60911056	-0.000252308926706404	-0.000460667692510288	-7.53054410767059e-05
175.7188662541	-0.000238605714089311	-0.000466636641478887	-7.55331101069688e-05
175.82862194819998	-0.000224728726500119	-0.000472244671855801	-7.5761326283924e-05
175.9383776423	-0.00021068262374253	-0.000477481557479133	-7.59900389161691e-05
176.04813333639999	-0.000196481865891703	-0.00048235082510824	-7.62192464658786e-05
176.1578890305	-0.000182132703617224	-0.000486844066384232	-7.64489140552718e-05
176.2676447246	-0.000167644026868227	-0.000490956653723022	-7.6679002471954e-05
176.3774004187	-0.000153025678658825	-0.00049468596571357	-7.69095265654444e-05
176.4871561128	-0.000138286582637498	-0.000498029046999092	-7.71405147350858e-05
176.59691180689998	-0.000123435698176033	-0.000500983277589238	-7.73720162678879e-05
176.706667501	-0.000108482042136145	-0.000503546409633731	-7.76041283321005e-05
176.8164231951	-9.34352519446928e-05	-0.000505716330491488	-7.78369065151029e-05
176.9261788892	-7.83042086247042e-05	-0.000507490708225776	-7.80703909039739e-05
177.0359345833	-6.30983803459137e-05	-0.000508866607526122	-7.83045952472676e-05
177.14569027739998	-4.78271627347388e-05	-0.000509841819539021	-7.85394905682271e-05
177.2554459715	-3.25001645630075e-05	-0.000510413191893241	-7.87750343711939e-05
177.36520166559998	-1.71270718634054e-05	-0.00051057835753641	-7.90111922606652e-05
177.4749573597	-1.71773667276075e-06	-0.000510335442840577	-7.92479528798836e-05
177.5847130538	1.37181468045529e-05	-0.000509682767581154	-7.94853438105583e-05
177.6944687479	2.91708704741525e-05	-0.000508619295208558	-7.97234078641244e-05
177.804224442	4.4630827261231e-05	-0.000507144240945796	-7.99621941724807e-05
177.91398013609998	6.00888950102088e-05	-0.000505256641615804	-8.02019395541805e-05
178.0237358302	7.55341385622388e-05	-0.000502954947722353	-8.04426401327168e-05
178.13349152429998	9.09575225435906e-05	-0.000500239360318015	-8.06838824585595e-05
178.2432472184	0.000106348816513687	-0.000497107402264667	-8.09255432285873e-05
178.3530029125	0.000121697966756392	-0.000493558795178531	-8.11678175050289e-05
178.4627586066	0.000136994558972201	-0.000489593090085293	-8.14107283610975e-05
178.5725143007	0.000152228897981558	-0.000485210803396999	-8.16543438445521e-05
178.68226999479998	0.000167390625248757	-0.000480412137450448	-8.18986790502679e-05
178.7920256889	0.000182470148397474	-0.000475197827241002	-8.21438120168557e-05
178.90178138299999	0.000197457984872686	-0.000469568342323967	-8.23898730464332e-05
179.0115370771	0.00021234360259948	-0.000463523572655397	-8.26376151514225e-05
179.1212927712	0.000227116214022847	-0.000457065614023622	-8.28854301640132e-05
179.2310484653	0.000241765110940012	-0.000450193857136849	-8.31339934209343e-05
179.3408041594	0.00025627922058703	-0.000442909373381021	-8.3383342409443e-05
179.45055985349998	0.000270647235578444	-0.00043521328011014	-8.36334688866074e-05
179.5603155476	0.000284857819586886	-0.000427107461960592	-8.38843811911855e-05
179.6700712417	0.00029890067239784	-0.000418594085661261	-8.41361018495381e-05
179.7798269358	0.000312764100307195	-0.000409675361239982	-8.43887008587973e-05
179.8895826299	0.000326437556359611	-0.000400354362045111	-8.46421828604686e-05
179.99933832399998	0.000339909577204988	-0.000390632585023227	-8.48965607635898e-05
180.1090940181	0.000353168960235762	-0.000380513557481349	-8.51518107213645e-05
180.21884971219998	0.000366203309722751	-0.000370001018374472	-8.5407869270316e-05
180.3286054063	0.000378998702615341	-0.000359099433492895	-8.5664693484974e-05
180.4383611004	0.000391557845700874	-0.000347794455071096	-8.59222491142548e-05
180.5481167945	0.000403844462865281	-0.000336127767924778	-8.61805109361075e-05
180.6578724886	0.000415866267872571	-0.000324072264901527	-8.64394798414881e-05
180.76762818269998	0.000427606984953253	-0.000311644286109476	-8.66991889330712e-05
180.8773838768	0.000439055924416355	-0.00029884713393434	-8.69596568455713e-05
180.98713957089998	0.000450207259664894	-0.000285695591335521	-8.72208684344849e-05
181.096895265	0.000461022738576839	-0.000272167807122981	-8.74828123855589e-05
181.2066509591	0.000471532800782115	-0.000258307066658228	-8.77453931051398e-05
181.3164066532	0.000481696386425801	-0.000244099550522047	-8.80085884804769e-05
181.4261623473	0.000491507740491577	-0.00022955701158902	-8.82723318214867e-05
181.53591804139998	0.000500955470100872	-0.000214687116908424	-8.85365879848136e-05
181.6456737355	0.000510029887488075	-0.000199497562495682	-8.8801333784207e-05
181.75542942959999	0.000518718999675965	-0.000183996793344223	-8.90665840251978e-05
181.8651851237	0.000527011606735384	-0.000168193354109748	-8.93323309625793e-05
181.9749408178	0.000534897450943564	-0.000152097067391507	-8.95987195360144e-05
182.0846965119	0.000542366110490919	-0.00013571806178231	-8.98655573808901e-05
182.194452206	0.000549407217307709	-0.000119065766315605	-9.01327576696017e-05
182.30420790009998	0.000556010664370013	-0.000102150997354093	-9.04004687590751e-05
182.4139635942	0.000562165910746569	-8.49856514077932e-05	-9.06681586061091e-05
182.5237192883	0.0005678634598672	-6.75793925461265e-05	-9.09366803318524e-05
182.6334749824	0.000573093814663334	-4.99460137304301e-05	-9.12056983366205e-05
182.7432306765	0.000577848126488635	-3.209678406663e-05	-9.1475626091894e-05
182.85298637059998	0.000582118112657061	-1.40472108101099e-05	-9.17458049348488e-05
182.9627420647	0.000585895454864855	4.19225162190793e-06	-9.20161355205588e-05
183.07249775879998	0.000589172467548264	2.26069622615879e-05	-9.22869030333496e-05
183.1822534529	0.000591941524058532	4.11831651741527e-05	-9.25582757303491e-05
183.292009147	0.000594195647490351	5.99058003737604e-05	-9.28300131853598e-05
183.4017648411	0.000595927348331787	7.87604011370006e-05	-9.31018170884399e-05
183.5115205352	0.000597130128456352	9.77314494561827e-05	-9.33738427596248e-05
183.62127622929998	0.00059779798878671	0.00011680334759644	-9.36460422578547e-05
183.7310319234	0.000597925156832064	0.000135960258076819	-9.39183833366837e-05
183.84078761749998	0.000597507074431225	0.000155185576339695	-9.41908607999879e-05
183.9505433116	0.000596539808901056	0.000174462883365052	-9.44634508179107e-05
184.0602990057	0.000595019100122555	0.000193776220516813	-9.47361629736012e-05
184.1700546998	0.000592941893644479	0.000213108856244377	-9.50090036572211e-05
184.2798103939	0.000590304950928088	0.000232443430581951	-9.5281964257185e-05
184.38956608799998	0.000587106282390067	0.000251762934068875	-9.55550378451204e-05
184.4993217821	0.000583344964821304	0.000271049405507212	-9.58282439536471e-05
184.60907747619999	0.000579020064188926	0.000290285312233337	-9.61015651375977e-05
184.7188331703	0.000574131661506355	0.000309452527463281	-9.63750361008592e-05
184.8285888644	0.000568680546512869	0.000328533027645092	-9.6648659418564e-05
184.9383445585	0.000562668177228185	0.000347507888548975	-9.69225608444221e-05
185.0481002526	0.000556092810829384	0.000366362449490093	-9.71965562060272e-05
185.15785594669998	0.000548963174164863	0.000385075276975514	-9.74706959096314e-05
185.2676116408	0.000541275074337701	0.000403628524755441	-9.77450198035926e-05
185.3773673349	0.000533044810253327	0.000422003319941431	-9.80195031597964e-05
185.487123029	0.000524264001999748	0.000440185717084891	-9.82941548137766e-05
185.5968787231	0.000514943382096487	0.000458157079869305	-9.85689161825469e-05
185.70663441719998	0.000505086409588966	0.000475900734772572	-9.88437673614865e-05
185.8163901113	0.000494700759803589	0.000493399485501433	-9.91186735317956e-05
185.92614580539998	0.000483794105211768	0.000510637032377016	-9.93936529047671e-05
186.0359014995	0.000472374253525178	0.000527596949263869	-9.96686909664781e-05
186.1456571936	0.00046044907282975	0.000544263803470192	-9.99437913906979e-05
186.2554128877	0.000448028113731881	0.000560621617877558	-0.000100218981545585
186.3651685818	0.000435120189519715	0.000576655367999696	-0.000100494243253253
186.47492427589998	0.000421735361102705	0.000592350137024642	-0.000100769586669525
186.58467997	0.000407884172087315	0.000607691623298778	-0.000101045000103767
186.69443566409998	0.000393577491845874	0.000622665561753897	-0.000101320475942613
186.8041913582	0.000378826666287587	0.000637258326003549	-0.000101596012919817
186.9139470523	0.000363643336190791	0.000651456655900323	-0.000101871602171207
187.0237027464	0.000348039966087313	0.000665247786277254	-0.000102147247582796
187.1334584405	0.000332028352692096	0.000678619425126814	-0.000102422918592514
187.24321413459998	0.000315622194022164	0.00069155931820547	-0.000102698611802721
187.3529698287	0.000298834704913841	0.000704056209299048	-0.000102974285696097
187.46272552279999	0.000281687175557338	0.000716104969327221	-0.00010324990468742
187.5724812169	0.000264165580813781	0.000727667666673829	-0.000103525423851412
187.682236911	0.000246319894809391	0.000738775357836443	-0.000103800810801608
187.79199260509998	0.000228144930288249	0.000749390741390547	-0.000104075541936594
187.9017482992	0.000209657985125722	0.000759511816290569	-0.000104350567823725
188.01150399329998	0.000190874310767421	0.000769129668176359	-0.000104625618002234
188.1212596874	0.000171808555914263	0.000778236426195605	-0.000104900779853134
188.2310153815	0.000152473501205788	0.000786825723439274	-0.000105175167456701
188.3407710756	0.000132885029647317	0.000794889829997111	-0.000105449543188935
188.4505267697	0.000113058498288475	0.000802422454645486	-0.000105723820328212
188.56028246379998	9.30091183182902e-05	0.000809417300397782	-0.000105998003645186
188.6700381579	7.2752419101114e-05	0.000815867655391041	-0.000106272090714005
188.77979385199998	5.23039209647405e-05	0.000821769483551068	-0.000106546085805102
188.8895495461	3.16792656881773e-05	0.000827117426260691	-0.00010681999440307
188.9993052402	1.08942236542866e-05	0.00083190713828399	-0.000107093811685683
189.1090609343	-1.00354455507724e-05	0.000836134781529682	-0.000107367536958511
189.2188166284	-3.10938656115797e-05	0.000839796824480713	-0.000107641173751963
189.32857232249998	-5.22648782932623e-05	0.000842889991990178	-0.000107914709752109
189.4383280166	-7.35324210911479e-05	0.000845411825022878	-0.000108188125802881
189.54808371069998	-9.48804650478325e-05	0.000847359984258794	-0.000108461512056884
189.6578394048	-0.000116293140136253	0.000848733027146474	-0.000108734649515437
189.7675950989	-0.000137754263132594	0.000849529438940008	-0.000109007742696921
189.877350793	-0.000159248552692217	0.000849749194892614	-0.000109280666610157
189.9871064871	-0.000180759810942523	0.000849391706907992	-0.000109553514323417
190.09686218119998	-0.000202272565855704	0.000848458312417276	-0.000109826276229705
190.2066178753	-0.00022377125733854	0.00084694912916503	-0.000110098948773242
190.31637356939999	-0.0002452406216015	0.000844865895115204	-0.000110371584113321
190.4261292635	-0.000266665036260576	0.00084221054804361	-0.000110644220705104
190.5358849576	-0.000288029895059933	0.00083898542282759	-0.000110916853264695
190.64564065169998	-0.000309319486135284	0.000835193202684844	-0.000111189525190086
190.7553963458	-0.000330519025609783	0.000830836092778488	-0.000111462225391113
190.86515203989998	-0.000351614130031206	0.000825914670821831	-0.000111734907766777
190.974907734	-0.000372587888112314	0.0008204380023644	-0.000112007584300265
191.0846634281	-0.00039342104388038	0.000814409907959446	-0.000112280210925417
191.1944191222	-0.000414118434256245	0.000807819998000096	-0.000112552769265342
191.3041748163	-0.000434646296744338	0.000800691864094604	-0.000112825270452519
191.41393051039998	-0.000454999537315603	0.000793020771802901	-0.000113097764711636
191.5236862045	-0.000475165214822578	0.000784811715821018	-0.000113370119579429
191.63344189859998	-0.000495129909755445	0.000776070639869908	-0.000113642301673155
191.7431975927	-0.000514880846113055	0.000766803888859737	-0.000113914333899674
191.8529532868	-0.000534406403494792	0.000757016750296153	-0.000114186204765858
191.9627089809	-0.000553693593682159	0.000746715465029249	-0.000114457921748886
192.072464675	-0.000572730559441398	0.000735905593088564	-0.000114729490035449
192.18222036909998	-0.000591505250775237	0.000724593126337675	-0.000115000947787111
192.2919760632	-0.000610006221840814	0.000712784476120489	-0.000115272293597287
192.40173175729998	-0.000628221935940632	0.000700486166829304	-0.000115543548644477
192.5114874514	-0.000646141016199679	0.000687704601379187	-0.000115814741640932
192.6212431455	-0.000663752143381592	0.000674446235123388	-0.000116085872863013
192.7309988396	-0.000681043614113169	0.000660717967373077	-0.000116356950751901
192.8407545337	-0.000698003770331859	0.000646526691538223	-0.000116627956220871
192.95051022779998	-0.000714621971409571	0.000631879334057334	-0.000116898875264443
193.0602659219	-0.000730887180474576	0.000616783837744037	-0.000117169565158405
193.17002161599999	-0.00074678704990927	0.000601246278337612	-0.000117440340302766
193.2797773101	-0.00076231221770273	0.000585275859939557	-0.000117710926868904
193.3895330042	-0.000777450982003531	0.000568879759757392	-0.000117981406629777
193.49928869829998	-0.000792193345805066	0.00055206629356472	-0.000118251772081928
193.6090443924	-0.000806528473879718	0.000534843789337495	-0.000118522022731848
193.71880008649998	-0.000820445656701779	0.000517220522105832	-0.000118792155868841
193.8285557806	-0.000833934548992502	0.000499204796166652	-0.000119062313296062
193.9383114747	-0.000846985102564571	0.000480805501708169	-0.000119332272769015
194.0480671688	-0.000859586339584615	0.000462031827008051	-0.000119602104736196
194.1578228629	-0.00087172826994856	0.000442892734283974	-0.000119871829563526
194.26757855699998	-0.000883400194187978	0.000423397341159164	-0.000120141436315624
194.3773342511	-0.000894591330650869	0.000403555160881715	-0.000120410984111059
194.48708994519998	-0.000905291876000501	0.000383376245526947	-0.00012068039768381
194.5968456393	-0.00091548654411044	0.000362873982360639	-0.000120949676459268
194.7066013334	-0.000925183865651428	0.000342038592491487	-0.000121218819429023
194.8163570275	-0.000934344533857451	0.000320920029199842	-0.000121487787885048
194.9261127216	-0.00094297907780168	0.000299497670816741	-0.000121756593988754
195.03586841569998	-0.000951071799418479	0.000277792328064553	-0.000122025202445015
195.1456241098	-0.000958618199617566	0.000255823649433586	-0.000122293621843456
195.25537980389998	-0.000965585163333894	0.000233572008564127	-0.000122561866499979
195.365135498	-0.000972000746162729	0.000211095220715169	-0.000122829946023381
195.4748911921	-0.000977825943932309	0.000188377044773887	-0.000123097915211937
195.5846468862	-0.000983067069536688	0.000165440997124925	-0.000123365818375677
195.6944025803	-0.000987707704568259	0.000142296269090276	-0.00012363370966064
195.80415827439998	-0.000991741301697803	0.000118957784368884	-0.000123901628135035
195.9139139685	-0.000995159994937077	9.543969109802e-05	-0.00012416966032077
196.02366966259999	-0.000997955599302411	7.17576892780793e-05	-0.000124437813566752
196.1334253567	-0.00100012011631225	4.79265976134296e-05	-0.000124706133436889
196.2431810508	-0.00100164549560672	2.39621731451424e-05	-0.000124974653042519
196.35293674489998	-0.00100252401556532	-1.19420218573953e-07	-0.000125243521131252
196.462692439	-0.0010027482628934	-2.43014315056485e-05	-0.000125512654403632
196.57244813309998	-0.0010023112342531	-4.8566842810063e-05	-0.000125781982942247
196.6822038272	-0.00100120615704457	-7.28978123601214e-05	-0.000126051628492116
196.7919595213	-0.000999427055598308	-9.72757321798429e-05	-0.000126321583519571
196.9017152154	-0.000996968550753434	-0.000121682485528494	-0.000126591893664044
197.0114709095	-0.000993825532763976	-0.000146099634588938	-0.000126862590264734
197.12122660359998	-0.000989993900587713	-0.000170507998561737	-0.000127133674070614
197.2309822977	-0.000985469436438734	-0.000194887721413893	-0.000127405183840744
197.34073799179998	-0.000980249254670491	-0.000219219745554977	-0.00012767715997179
197.4504936859	-0.000974330325372701	-0.000243483610165605	-0.000127949597635952
197.56024938	-0.000967710695807351	-0.00026765840345728	-0.000128222500678316
197.6700050741	-0.000960389074326104	-0.000291723901564864	-0.000128495897640651
197.7797607682	-0.000952365167827768	-0.000315658768880414	-0.000128769818752151
197.88951646229998	-0.000943637519054326	-0.000339441645741119	-0.000129044269168305
197.9992721564	-0.000934207983992876	-0.000363048818884601	-0.00012931921679739
198.10902785049998	-0.000924073636323605	-0.000386462714742854	-0.000129594669864154
198.2187835446	-0.000913250064400606	-0.000409647771316293	-0.000129870602310956
198.3285392387	-0.000901708819641272	-0.000432612503105963	-0.000130146965310814
198.4382949328	-0.000889495719294267	-0.000455298396725264	-0.000130423781488214
198.5480506269	-0.000876588825152169	-0.000477703125959281	-0.000130701006412499
198.65780632099998	-0.000863000491426027	-0.000499802286519917	-0.000130978674580502
198.7675620151	-0.000848735853774673	-0.000521572174091044	-0.000131257175954288
198.87731770919999	-0.000833811300660687	-0.000542996435244286	-0.000131535735737764
198.9870734033	-0.000818208045390172	-0.000564026995549967	-0.000131814405125915
199.0968290974	-0.000801968907673065	-0.000584683661884816	-0.000132093393569122
199.20658479149998	-0.000785084856564902	-0.000604917733697172	-0.000132372683741186
199.3163404856	-0.000767569171283303	-0.000624713517762363	-0.000132652284006507
199.42609617969998	-0.000749432851800766	-0.000644050303560753	-0.00013293218871092
199.5358518738	-0.000730687806112714	-0.000662908146965796	-0.000133212435070577
199.6456075679	-0.000711346234456037	-0.000681267470558983	-0.000133493035679573
199.755363262	-0.000691422032708579	-0.000699108330139821	-0.000133774058838767
199.8651189561	-0.00067092896607939	-0.000716411151718584	-0.000134055549196014
199.97487465019998	-0.000649881727686172	-0.000733157004626778	-0.000134337567822986
200.0846303443	-0.000628295534816746	-0.000749327219217842	-0.000134620189646689
200.19438603839998	-0.000606186841573212	-0.000764903739653695	-0.000134903446351267
200.3041417325	-0.000583572374430109	-0.000779868830063147	-0.00013518741451706
200.4138974266	-0.000560469243247201	-0.00079420573837111	-0.000135472143056953
200.5236531207	-0.000536895540049234	-0.000807897921424943	-0.00013575772450703
200.6334088148	-0.00051287067762107	-0.000820929424712928	-0.000136044132850564
200.74316450889998	-0.000488413872227578	-0.000833285446023783	-0.000136331438711655
200.852920203	-0.000463544680392484	-0.00084495094164991	-0.000136619674721732
200.96267589709998	-0.000438283373806288	-0.000855912637976552	-0.000136909427532515
201.0724315912	-0.00041265310921696	-0.000866156962098128	-0.000137199759438608
201.1821872853	-0.000386673685692707	-0.000875672358091431	-0.000137491157005129
201.2919429794	-0.000360366781456309	-0.000884446054209597	-0.000137783536406046
201.4016986735	-0.000333755383058961	-0.000892467280790787	-0.000138076989528649
201.51145436759998	-0.000306862355460144	-0.000899725846698923	-0.000138371550775496
201.6212100617	-0.000279713044925948	-0.000906214173594327	-0.000138666668813094
201.73096575579999	-0.000252329050187123	-0.000911912321784762	-0.000138963169501516
201.8407214499	-0.000224727834431096	-0.000916844111178215	-0.000139261160639787
201.950477144	-0.000196941221044317	-0.000920943486571695	-0.000139560330995418
202.06023283809998	-0.000168999805721085	-0.000924265243866931	-0.00013986066407887
202.1699885322	-0.000140917498260951	-0.000926773944369403	-0.000140162210156093
202.27974422629998	-0.00011271976255153	-0.000928471107914811	-0.000140464931615623
202.3894999204	-8.44315243550767e-05	-0.000929352550475209	-0.00014076885582766
202.4992556145	-5.60781126992171e-05	-0.000929416445163335	-0.000141073951378233
202.6090113086	-2.76822164927453e-05	-0.000928660534882666	-0.000141379540977146
202.7187670027	7.30392843248622e-07	-0.000927088181849312	-0.000141687056853892
202.82852269679998	2.91373982838658e-05	-0.000924695125889152	-0.000141995546768811
202.9382783909	5.7514746656324e-05	-0.000921483875442358	-0.000142305122895393
203.04803408499998	8.58387162887345e-05	-0.000917455563751595	-0.000142615760963946
203.1577897791	0.00011408592307904	-0.000912612824918385	-0.000142927432957983
203.2675454732	0.000142233348395566	-0.000906958598764453	-0.000143239984908812
203.3773011673	0.000170257552958023	-0.00090049675960212	-0.000143553504982996
203.4870568614	0.000198135653107294	-0.000893231416420337	-0.000143868169336292
203.59681255549998	0.000225844989059048	-0.000885167381856204	-0.000144183751195437
203.7065682496	0.000253363194354	-0.000876310141553197	-0.000144500248373409
203.81632394369998	0.000280667605595001	-0.000866666079666564	-0.000144817596484626
203.9260796378	0.000307741147597017	-0.000856249270536317	-0.000145135767973371
204.0358353319	0.000334548442172475	-0.000845048768320071	-0.000145454699327343
204.145591026	0.000361086335558866	-0.000833089932832754	-0.000145774339342202
204.2553467201	0.000387323446911281	-0.000820372293790346	-0.000146094611808309
204.36510241419998	0.000413240831357095	-0.000806905013884556	-0.000146415468484761
204.4748581083	0.0004388164357348	-0.000792693457977653	-0.000146737239484792
204.58461380239999	0.000464027933065882	-0.000777762235878579	-0.000147059628192654
204.6943694965	0.000488863664041091	-0.000762103577820493	-0.000147381946579084
204.8041251906	0.000513300804366873	-0.000745735382980388	-0.000147704866005348
204.91388088469998	0.000537321656247293	-0.000728667756376545	-0.000148028265756714
205.0236365788	0.000560908149083038	-0.000710912212266062	-0.000148352154930175
205.13339227289998	0.000584042179433848	-0.000692481995864208	-0.000148676480605355
205.243147967	0.000606705969614537	-0.000673388885848289	-0.00014900122579736
205.3529036611	0.000628882496752301	-0.000653645329544298	-0.000149326368224352
205.4626593552	0.000650554824645193	-0.000633264862328162	-0.000149651892478459
205.5724150493	0.000671706718200272	-0.000612260471470394	-0.000149977787459175
205.68217074339998	0.000692322092832258	-0.000590646376114193	-0.000150304048189883
205.7919264375	0.00071238585782615	-0.000568436691482179	-0.000150630667625611
205.90168213159998	0.00073188291356408	-0.000545645684085603	-0.00015095763423446
206.0114378257	0.000750798840129013	-0.000522288321721928	-0.000151284908348469
206.1211935198	0.000769119184501862	-0.000498379207443529	-0.00015161251728576
206.2309492139	0.000786829695700223	-0.000473933366767327	-0.000151940299768175
206.340704908	0.000803916882569058	-0.000448966282210885	-0.000152268330022594
206.45046060209998	0.00082036839652785	-0.000423493452888875	-0.000152596601474345
206.5602162962	0.000836171338609332	-0.000397531279203903	-0.000152924955860588
206.66997199029998	0.000851313311530046	-0.000371094371744094	-0.000153253644703684
206.7797276844	0.000865783678386928	-0.000344199750605008	-0.000153582725134154
206.8894833785	0.000879570567349052	-0.000316864111217309	-0.000153912182150805
206.99923907259998	0.000892663289375623	-0.000289103809158423	-0.000154242008638776
207.1089947667	0.000905050532552158	-0.000260935215602629	-0.000154572157364723
207.21875046079998	0.000916727857156453	-0.000232383474314386	-0.000154902630756546
207.3285061549	0.000927657315618428	-0.000203436742895781	-0.000155233320428975
207.43826184899999	0.000937859516481293	-0.000174155279290535	-0.000155564167268913
207.5480175431	0.000947328356267465	-0.000144509533785712	-0.000155895202652782
207.6577732372	0.000956023093586384	-0.000114559449211357	-0.000156226367093374
207.76752893129998	0.000963954648180483	-8.42973878248104e-05	-0.000156557745248809
207.8772846254	0.000971111534488359	-5.37453273837208e-05	-0.000156889267260582
207.98704031949998	0.000977485588228257	-2.29200766846276e-05	-0.000157220952149205
208.0967960136	0.000983068450989891	8.15859468582734e-06	-0.000157552828584547
208.2065517077	0.000987853195224324	3.9472574298863e-05	-0.000157884873822929
208.3163074018	0.000991832098053814	7.10043217134686e-05	-0.00015821694826887
208.4260630959	0.000994997541225391	0.000102735784651534	-0.000158549024960826
208.53581878999998	0.000997342088934506	0.000134648946050211	-0.00015888116322549
208.6455744841	0.000998859672784962	0.000166724207798963	-0.000159213391446776
208.75533017819998	0.000999544007655734	0.000198943067579428	-0.000159545722527157
208.8650858723	0.000999389163671963	0.000231286538758326	-0.00015987820721335
208.9748415664	0.000998388941608016	0.000263734733522864	-0.000160210933790092
209.0845972605	0.000996537734909865	0.000296268363478668	-0.000160543823848434
209.1943529546	0.000993830080998506	0.000328867696778123	-0.000160876815758561
209.30410864869998	0.000990259484533155	0.000361512563584716	-0.000161209968773911
209.4138643428	0.000985821238482375	0.000394181169404575	-0.000161543233129802
209.52362003689998	0.00098050630798664	0.000426856995766391	-0.000161876620780586
209.633375731	0.000974312707969783	0.000459512174531904	-0.000162210178449544
209.7431314251	0.000967246794274921	0.000492125116438039	-0.000162543933379427
209.85288711919998	0.000959289762017773	0.000524680533991428	-0.000162878137115509
209.9626428133	0.000950446288125949	0.000557153689593184	-0.000163212999909475
210.07239850739998	0.000940709630753312	0.000589523678551832	-0.000163547478567635
210.1821542015	0.000930079032824981	0.000621767127148537	-0.000163882290211949
210.29190989559999	0.000918552734514377	0.000653860973453941	-0.000164217346431208
210.4016655897	0.00090612805651569	0.000685778691183466	-0.00016455268313409
210.5114212838	0.000892807402220033	0.000717501291973249	-0.000164888349796583
210.62117697789998	0.00087858737141162	0.000748999475448102	-0.000165224398560923
210.730932672	0.000863468819370967	0.000780247888523405	-0.000165560848250362
210.84068836609998	0.000847460796407052	0.000811226279539034	-0.000165897826233219
210.9504440602	0.000830547872468544	0.0008418968900012	-0.000166235363934522
211.0601997543	0.000812750162422263	0.000872251728422571	-0.000166573598880406
211.1699554484	0.000794063404760155	0.000902256743328462	-0.000166912626197372
211.2797111425	0.000774491121295396	0.000931886198581972	-0.000167252559789767
211.38946683659998	0.000754037086528939	0.000961114242584369	-0.000167593462812562
211.4992225307	0.000732712592212935	0.00098990661125592	-0.000167935329110546
211.60897822479998	0.000710496016968995	0.00101826556071562	-0.000168278230712646
211.7187339189	0.000687433371978044	0.00104612735545453	-0.000168622143831419
211.828489613	0.000663506886287853	0.00107348335433651	-0.000168967139233508
211.9382453071	0.000638730319698497	0.00110030478716766	-0.000169313214941964
212.0480010012	0.00061311194689111	0.00112656351162853	-0.000169660397743401
212.15775669529998	0.000586662260072274	0.00115223153763836	-0.000170008625050569
212.2675123894	0.000559396673651644	0.00117728295551429	-0.000170357345000548
212.37726808349998	0.000531316791718125	0.00120168384914553	-0.000170707613529058
212.4870237776	0.000502447905695706	0.00122541081360791	-0.000171058785774765
212.5967794717	0.00047280116354491	0.00124843392963044	-0.000171410737707791
212.70653516579998	0.000442393456202144	0.00127072639059307	-0.000171763325981038
212.8162908599	0.000411242349092469	0.00129226066639788	-0.000172116585974851
212.92604655399998	0.000379367075673006	0.00131301147046363	-0.000172470423010149
213.0358022481	0.000346787450441471	0.00133295252907597	-0.000172824701436396
213.14555794219999	0.000313524903420847	0.00135205905000426	-0.000173179352668168
213.2553136363	0.00027960166318552	0.00137030534261236	-0.000173534284501701
213.3650693304	0.000245040211493788	0.00138766676331581	-0.000173889372991716
213.47482502449998	0.000209865296515191	0.00140411461928566	-0.000174244496694947
213.5845807186	0.000174109957781005	0.00141964365667475	-0.000174599556805424
213.69433641269998	0.000137788401915536	0.00143421108488421	-0.000174954458214869
213.8040921068	0.000100933882002846	0.00144780779073323	-0.000175309559118113
213.9138478009	6.35739824232265e-05	0.00146040879663278	-0.000175664116570828
214.023603495	2.57366475421244e-05	0.00147199552600733	-0.000176018587312015
214.1333591891	-1.25496039178849e-05	0.00148255095761819	-0.000176372545151004
214.24311488319998	-5.12548535182575e-05	0.00149205874790973	-0.000176726566335854
214.3528705773	-9.03481842166123e-05	0.00150050244311934	-0.000177080696738992
214.46262627139998	-0.00012979859641528	0.0015078672726868	-0.000177434946187375
214.5723819655	-0.000169573632300898	0.00151413972920853	-0.00017778931188618
214.6821376596	-0.000209641856654696	0.00151930592871274	-0.000178143909558401
214.7918933537	-0.000249973118753901	0.00152335597385399	-0.000178498777803449
214.9016490478	-0.000290527813738673	0.00152627517169282	-0.000178854047874887
215.01140474189998	-0.000331277639916762	0.00152805776319855	-0.000179209865915279
215.121160436	-0.000372188244776231	0.00152869406866255	-0.000179566328120372
215.23091613009998	-0.000413223548449457	0.00152817665678461	-0.000179923500651044
215.3406718242	-0.000454343492598985	0.00152650160553463	-0.00018028135450603
215.4504275183	-0.000495537326150852	0.00152364287329788	-0.000180640001482409
215.56018321239998	-0.000536735962118785	0.0015196324812482	-0.000180999564207339
215.6699389065	-0.00057792233968607	0.00151444319973602	-0.000181359571227602
215.77969460059998	-0.000619060917395112	0.00150807132514183	-0.00018172068197309
215.8894502947	-0.000660113308240354	0.00150052443366562	-0.00018208336242053
215.9992059888	-0.000701044087386937	0.00149179912448728	-0.00018244713400368
216.1089616829	-0.000741817886249257	0.00148189912534669	-0.000182812195368288
216.218717377	-0.000782398959301613	0.00147082858837498	-0.00018317863277595
216.32847307109998	-0.000822746688139923	0.00145858677900215	-0.000183546565053556
216.4382287652	-0.000862835067902953	0.00144518649802144	-0.000183915994232938
216.54798445929998	-0.000902621568180003	0.00143062953604192	-0.000184286944761859
216.6577401534	-0.000942072214334047	0.00141492419805046	-0.000184659434360569
216.7674958475	-0.000981153140979066	0.00139807857057586	-0.000185033397798162
216.8772515416	-0.00101982182703565	0.00138010674338602	-0.000185408749751101
216.9870072357	-0.00105805932649646	0.00136100952049698	-0.000185785475798499
217.09676292979998	-0.0010958192177031	0.00134080965100868	-0.000186163472844918
217.2065186239	-0.00113307100288585	0.00131951865142561	-0.000186542560234513
217.31627431799998	-0.00116978416189799	0.00129714780086323	-0.000186922774730425
217.4260300121	-0.00120592591250292	0.00127371356167319	-0.000187304188080661
217.5357857062	-0.00124146500078266	0.00124923312841123	-0.000187686658247012
217.6455414003	-0.00127637091797392	0.00122372498554497	-0.000188070153606379
217.7552970944	-0.00131061367806772	0.00119720784795027	-0.000188454621029232
217.86505278849998	-0.00134416431533096	0.00116970112958025	-0.000188840065029493
217.9748084826	-0.00137699369062648	0.00114122525845582	-0.000189226485621232
218.08456417669998	-0.00140907415060157	0.00111180126762292	-0.000189613915988737
218.1943198708	-0.00144037796841204	0.00108145009341133	-0.000190002395198955
218.3040755649	-0.00147087949568721	0.00105019554801149	-0.00019039191478749
218.41383125899998	-0.00150055260869923	0.00101806056709783	-0.000190782521007049
218.5235869531	-0.00152937196390322	0.000985069485396025	-0.000191174166756804
218.63334264719998	-0.00155731274558966	0.000951244197134274	-0.000191566436539293
218.7430983413	-0.00158435295430577	0.000916616033703411	-0.000191960299475515
218.8528540354	-0.00161047044764044	0.00088120181485338	-0.000192354600198613
218.9626097295	-0.00163563108740654	0.00084503985876925	-0.000192749769880674
219.0723654236	-0.00165983421290797	0.000808141591034521	-0.000193145216979456
219.18212111769998	-0.00168304974099635	0.000770560031236838	-0.000193541353242117
219.2918768118	-0.00170523868248887	0.000732285912632192	-0.000193937654589953
219.40163250589998	-0.00172642251180144	0.000693383208918455	-0.000194334343722784
219.5113882	-0.00174655711232482	0.000653862836689179	-0.000194731357413068
219.6211438941	-0.0017656326887677	0.000613757676476292	-0.000195128717482451
219.7308995882	-0.00178363399591507	0.000573097782457055	-0.000195526447091126
219.8406552823	-0.00180054709849422	0.000531912069525493	-0.00019592465107974
219.95041097639998	-0.00181635907742487	0.000490230774047278	-0.000196323360955919
220.0601666705	-0.00183105655720475	0.00044808356155989	-0.000196722675374909
220.16992236459998	-0.00184462830900441	0.000405502324912963	-0.000197122622753362
220.2796780587	-0.00185706302727517	0.000362517359591766	-0.000197523249800068
220.3894337528	-0.00186835119133476	0.000319159650777024	-0.000197924620789298
220.4991894469	-0.00187848309254376	0.000275460299049352	-0.000198326818381504
220.608945141	-0.00188744949802961	0.000231450424895238	-0.000198729854399282
220.71870083509998	-0.00189524685671958	0.000187167095622284	-0.000199133558800819
220.8284565292	-0.00190184709945303	0.000142623470597297	-0.000199538109071896
220.93821222329998	-0.00190727957307438	9.78769203308368e-05	-0.000199943625416439
221.0479679174	-0.00191151663905381	5.29460844509517e-05	-0.000200349961957318
221.1577236115	-0.00191455680153118	7.86117155870661e-06	-0.000200757075851772
221.26747930559998	-0.00191639599585766	-3.73458058963303e-05	-0.00020116492515944
221.3772349997	-0.00191703177052314	-8.26435705818706e-05	-0.000201573460008924
221.48699069379998	-0.00191646285375613	-0.000128000957376845	-0.000201982602364835
221.5967463879	-0.00191468771989329	-0.000173387040580437	-0.00020239226679894
221.706502082	-0.00191170522132812	-0.000218770089390237	-0.000202802325990313
221.8162577761	-0.00190751517247096	-0.000264119264332211	-0.000203212675357799
221.9260134702	-0.00190211833880944	-0.000309403191746087	-0.000203623241170255
222.03576916429998	-0.00189551730085587	-0.000354589121725704	-0.000204033247091531
222.1455248584	-0.0018877098880235	-0.000399650790627979	-0.000204443937665736
222.25528055249998	-0.00187870163149681	-0.000444552185663465	-0.000204854323186094
222.3650362466	-0.00186850038947576	-0.000489257070553145	-0.000205264325124335
222.4747919407	-0.00185709812980288	-0.000533752849757831	-0.000205673575116406
222.5845476348	-0.00184451475735704	-0.000577992051937412	-0.000206081970174497
222.6943033289	-0.00183074741655486	-0.000621950612647707	-0.000206489336184972
222.80405902299998	-0.00181580305887488	-0.000665598869290104	-0.000206895555700713
222.9138147171	-0.0017996895948331	-0.000708906809023401	-0.000207300509157109
223.02357041119998	-0.00178241646830912	-0.000751845708981168	-0.000207704131416441
223.1333261053	-0.00176399394304647	-0.000794387179991112	-0.000208105980685845
223.2430817994	-0.00174442475794401	-0.000836499820036781	-0.000208506684709507
223.3528374935	-0.00172372471216867	-0.000878157757255517	-0.00020890599549304
223.4625931876	-0.001701901921967	-0.000919331047611155	-0.000209303970535497
223.57234888169998	-0.0016789659336416	-0.000959990856775354	-0.000209700719019324
223.6821045758	-0.00165492743789945	-0.00100011034319374	-0.000210096213669151
223.79186026989998	-0.00162980180840441	-0.00103965269779951	-0.000210490521528618
223.901615964	-0.00160359233030971	-0.00107860554178957	-0.000210883788887619
224.0113716581	-0.00157632134499016	-0.0011169288280911	-0.000211276045133882
224.12112735219998	-0.00154800108927732	-0.00115459744903503	-0.000211667432585187
224.2308830463	-0.0015186431194511	-0.00119158662967266	-0.000212058009608733
224.34063874039998	-0.00148826277278698	-0.0012278691435228	-0.000212447773618802
224.4503944345	-0.0014568764743789	-0.00126341764178822	-0.000212836699728865
224.5601501286	-0.00142450832303666	-0.00129821076856014	-0.000213224720150518
224.6699058227	-0.00139116083386997	-0.00133221392909928	-0.000213611789638362
224.7796615168	-0.00135686226720099	-0.00136541122106732	-0.00021399787780103
224.88941721089998	-0.00132162883041036	-0.0013977775504837	-0.000214383069572773
224.999172905	-0.00128547427463328	-0.00142928231287595	-0.000214767562407478
225.10892859909998	-0.00124841767391347	-0.00145990180584616	-0.000215151456854302
225.2186842932	-0.00121047786873462	-0.0014896111717591	-0.000215534879046144
225.3284399873	-0.00117167473644202	-0.00151838608245478	-0.000215918279911387
225.4381956814	-0.00113202903162504	-0.00154620214222035	-0.000216301493166768
225.5479513755	-0.00109156124237186	-0.00157303456639289	-0.000216685001497847
225.65770706959998	-0.00105029158348783	-0.00159885901243921	-0.000217068702381228
225.7674627637	-0.00100824436825563	-0.0016236513375207	-0.000217452810689548
225.87721845779998	-0.000965437550661974	-0.00164738695110374	-0.000217837218570371
225.9869741519	-0.000921909934965449	-0.0016700380839985	-0.000218221854915577
226.096729846	-0.000877670891612843	-0.00169158997379432	-0.000218606784224111
226.20648554009998	-0.000832752903812653	-0.0017120163250519	-0.000218991743733108
226.3162412342	-0.000787182060843276	-0.0017312968553479	-0.000219376592436891
226.42599692829998	-0.000740989172120594	-0.00174941056645266	-0.000219760643114456
226.5357526224	-0.000694187766551431	-0.00176632148007037	-0.000220144586035703
226.64550831649998	-0.000646832072820358	-0.0017820483273587	-0.000220528136915401
226.7552640106	-0.00059893221144757	-0.00179653881872876	-0.00022091110147605
226.8650197047	-0.000550521857108324	-0.00180978417711861	-0.000221293200998842
226.97477539879998	-0.000501630962639087	-0.00182176562901904	-0.00022167433307906
227.0845310929	-0.000452289896216595	-0.00183246684493201	-0.000222054563595465
227.19428678699998	-0.000402530307442001	-0.00184187161884401	-0.000222433912754632
227.3040424811	-0.000352383163313442	-0.00184996339854673	-0.000222812562410219
227.4137981752	-0.000301882805788374	-0.00185672596294583	-0.000223190490185381
227.5235538693	-0.000251062325031262	-0.00186214444286044	-0.000223567962674212
227.6333095634	-0.000199955428167503	-0.00186620345252456	-0.000223945024572818
227.74306525749998	-0.00014860680875807	-0.00186889519902843	-0.000224321893234364
227.8528209516	-9.70238706579446e-05	-0.00187018204482238	-0.000224698194854635
227.96257664569998	-4.52767758307386e-05	-0.00187008548073864	-0.000225074162685468
228.0723323398	6.61332783695594e-06	-0.00186857434176003	-0.000225449488418464
228.1820880339	5.86072375756788e-05	-0.0018656390812859	-0.000225824211463465
228.291843728	9.76469137206102e-05	-0.00186249667570586	-0.000226104617640301
228.4015994221	0.000162747371188033	-0.00185545650747123	-0.000226570983219745
228.51135511619998	0.000214812325518121	-0.00184819409547892	-0.000226943344796667
228.6211108103	0.000266818727832001	-0.00183947565769406	-0.000227315155000722
228.73086650439998	0.000318724481391186	-0.00182929655416277	-0.000227686336227408
228.8406221985	0.0003704870351189	-0.00181765361890225	-0.00022805701753716
228.9503778926	0.000422063788316426	-0.00180454320015229	-0.000228427319344452
229.06013358669998	0.000473410374555937	-0.00178996321214748	-0.00022879757263429
229.1698892808	0.000524475771482339	-0.00177391930337389	-0.000229167854286378
229.27964497489998	0.000575230782605211	-0.00175640079671829	-0.000229538485520547
229.389400669	0.000625615023460094	-0.001737426557336	-0.000229909561021036
229.49915636309998	0.000675589162506832	-0.00171699378207317	-0.000230281174706777
229.6089120572	0.00072510767610644	-0.00169510909320011	-0.00023065336364786
229.7186677513	0.000774123490197827	-0.00167178311145008	-0.000231026057947654
229.82842344539998	0.000822589775047012	-0.00164702771814994	-0.000231399194875283
229.9381791395	0.000870461364450154	-0.00162085556391478	-0.000231772649619306
230.04793483359998	0.00091769231407368	-0.00159328201716516	-0.000232146339131681
230.1576905277	0.000964237090789335	-0.00156432508396523	-0.000232520207778396
230.2674462218	0.0010100522789151	-0.00153400363488108	-0.00023289407600955
230.3772019159	0.00105508607749166	-0.00150234512145365	-0.000233267790022396
230.48695761	0.00109932315799588	-0.00146934751185463	-0.000233641264850749
230.59671330409998	0.00114269555377728	-0.00143507639972477	-0.000234014229014129
230.7064689982	0.00118517061703052	-0.00139952385896354	-0.000234386527274531
230.81622469229998	0.00122672106840875	-0.00136273250642924	-0.000234757897806173
230.9259803864	0.00126731029341021	-0.00132472472492141	-0.00023512809040765
231.0357360805	0.00130689805995862	-0.00128552677578187	-0.000235496833790764
231.1454917746	0.00134545221640954	-0.00124516828219535	-0.000235863747889031
231.2552474687	0.00138294050850139	-0.00120367933988578	-0.000236228501365391
231.36500316279998	0.00141932976338706	-0.00116108957384735	-0.000236590838977804
231.4747588569	0.00145458943452737	-0.00111743091370435	-0.000236950531504064
231.58451455099998	0.00148868925004255	-0.00107273530535827	-0.00023730728601799
231.6942702451	0.00152159935192535	-0.0010270371239838	-0.000237660771959689
231.8040259392	0.00155329049061291	-0.000980368346061207	-0.00023801076774798
231.91378163329998	0.00158373525047118	-0.000932763598837028	-0.000238357362432524
232.0235373274	0.00161290690301602	-0.000884260662328879	-0.000238700322591696
232.13329302149998	0.00164078441548818	-0.000834890755251552	-0.000239039345971081
232.2430487156	0.00166733899603321	-0.000784693741171064	-0.000239374394063301
232.35280440969998	0.00169254407038151	-0.00073371900425688	-0.00023970549853825
232.4625601038	0.00171637660344428	-0.000681977014708582	-0.000240032701517612
232.5723157979	0.00173884517805847	-0.000629537282973426	-0.000240356249239395
232.68207149199998	0.00175990139886237	-0.000576416271299209	-0.000240676458672117
232.7918271861	0.00177953819735599	-0.000522658888396405	-0.000240993685521411
232.90158288019998	0.00179773893420754	-0.000468304413416465	-0.000241308327532601
233.0113385743	0.00181448954601907	-0.000413392770571447	-0.000241620924071219
233.1210942684	0.00182977673651354	-0.000357962434313866	-0.000241932012200343
233.2308499625	0.00184358755264519	-0.000302053981887978	-0.000242242242704252
233.3406056566	0.00185591061031125	-0.000245707096036553	-0.000242551967972878
233.45036135069998	0.00186673397297263	-0.00018896162106617	-0.000242861830334642
233.5601170448	0.00187605299762074	-0.00013186563193094	-0.000243172184172946
233.66987273889998	0.00188383096320596	-7.44321434653661e-05	-0.000243483063651109
233.779628433	0.00189009817997043	-1.67384247605062e-05	-0.00024379443657169
233.8893841271	0.00189482143314772	4.11938963723839e-05	-0.000244106193386701
233.9991398212	0.00189799948325047	9.93215291347191e-05	-0.000244417930693434
234.1088955153	0.00189962570118892	0.000157602757455667	-0.00024472914836054
234.21865120939998	0.00189969716057765	0.000215995566698523	-0.000245039391843404
234.3284069035	0.00189821097105688	0.000274459918330286	-0.0002453480775562
234.43816259759998	0.00189516509492503	0.00033295456594667	-0.000245654844880414
234.5479182917	0.00189055617476596	0.00039143781705583	-0.000245959418820055
234.6576739858	0.00188438493532128	0.000449867566044952	-0.00024626180740219
234.76742967989998	0.00187665160499018	0.000508198868821443	-0.000246561565372323
234.877185374	0.00186739393449186	0.000566407898639369	-0.000246859076749015
234.98694106809998	0.00185650208113496	0.000624413956286454	-0.000247153653001421
235.0966967622	0.00184409581621732	0.000682209218548631	-0.000247446086683729
235.20645245629998	0.00183014140934047	0.000739741619044895	-0.000247736058476936
235.3162081504	0.00181464555608995	0.00079697021569263	-0.000248023530462025
235.4259638445	0.00179761595974554	0.000853853328540841	-0.000248308639458748
235.53571953859998	0.00177906231108242	0.000910348722885322	-0.000248591638707372
235.6454752327	0.00175899485773701	0.000966413981545135	-0.000248872764113875
235.75523092679998	0.00173742426817853	0.00102200860694096	-0.000249152237633635
235.8649866209	0.00171436863426795	0.00107708266012973	-0.000249430394325128
235.974742315	0.00168981686340404	0.0011316239715689	-0.000249707786419487
236.0844980091	0.00166381747440876	0.00118555910335013	-0.000249984892044321
236.1942537032	0.00163636859061023	0.00123886342464605	-0.000250262098337412
236.30400939729998	0.00160748850920097	0.00129149788491278	-0.000250539793580049
236.4137650914	0.00157719484758362	0.00134342245990624	-0.000250818309752004
236.52352078549998	0.00154550838795561	0.00139460053397555	-0.00025109786599416
236.6332764796	0.00151244967175807	0.00144499425838972	-0.00025137868987677
236.7430321737	0.00147803961315686	0.00149456754930725	-0.000251660971659299
236.8527878678	0.00144230863882759	0.00154328943439842	-0.000251944930808489
236.9625435619	0.00140525057176609	0.00159109984750179	-0.000252230895512136
237.07229925599998	0.00136692332648139	0.00163799728368963	-0.000252519068395116
237.1820549501	0.00132733476153409	0.00168393207136104	-0.000252809553631985
237.29181064419998	0.00128651133188344	0.00172886583286494	-0.000253102488002264
237.4015663383	0.00124449119683322	0.00177276397607933	-0.000253397880089589
237.5113220324	0.00120128634613224	0.00181560341154564	-0.000253695786519753
237.62107772649998	0.00115693010975072	0.00185734923061313	-0.000253996157000507
237.7308334206	0.00111144903960474	0.00189797153494338	-0.000254299019066327
237.84058911469998	0.00106487323080347	0.00193743983593793	-0.000254604362608437
237.9503448088	0.00101723557650429	0.0019757252153318	-0.000254912272946426
238.06010050289999	0.000968566543404325	0.00201279882029328	-0.000255222840037749
238.169856197	0.000918898184520892	0.00204863354702534	-0.000255536368980313
238.2796118911	0.00086826415611534	0.00208320301266877	-0.000255852910609382
238.38936758519998	0.000816698166612847	0.00211648017815244	-0.000256172579009258
238.4991232793	0.000764236046290545	0.002148437837855	-0.000256495612325675
238.60887897339998	0.00071091933127567	0.0021790575902635	-0.000256822447536744
238.7186346675	0.000656774371320413	0.00220829964695728	-0.000257153409469316
238.8283903616	0.000601831919778927	0.00223617818473131	-0.000257488714894572
238.9381460557	0.000546161921199453	0.00226263249222034	-0.000257828428686161
239.0479017498	0.000489772776611652	0.00228766549551726	-0.000258172731156263
239.15765744389998	0.000432711270192409	0.00231125772268458	-0.00025852172165959
239.267413138	0.000375012526841524	0.00233339351905762	-0.000258875259462991
239.37716883209998	0.000316716542814071	0.00235405815529288	-0.000259233658914505
239.4869245262	0.000257862470663879	0.00237323817394641	-0.000259596207603998
239.5966802203	0.000198487540383749	0.00239091871590564	-0.000259962560354668
239.7064359144	0.000138640370242073	0.00240709129468821	-0.000260333914055453
239.8161916085	7.83319214480287e-05	0.00242171936736001	-0.000260708663370024
239.92594730259998	1.76395578672361e-05	0.0024348300406409	-0.000261086945380349
240.0357029967	-4.34169434938956e-05	0.00244638867678725	-0.000261468311796724
240.14545869079998	-0.000104793429129211	0.00245639320717082	-0.000261852413337833
240.2552143849	-0.000166449621809412	0.00246483622018415	-0.000262238954475182
240.364970079	-0.000228343510415834	0.00247171436561743	-0.000262627526580446
240.47472577309998	-0.00029043651329948	0.00247702421411558	-0.000263017715629877
240.5844814672	-0.000352688203560283	0.00248076186299368	-0.000263409103006385
240.69423716129998	-0.000415058904984656	0.00248292244700523	-0.000263801208440481
240.8039928554	-0.000477507342963618	0.00248350377187716	-0.00026419355021767
240.91374854949999	-0.000539988684323039	0.00248250413611199	-0.000264585673192529
241.0235042436	-0.000602474483080171	0.00247991734510672	-0.00026497697931707
241.1332599377	-0.000664910152281843	0.00247575514489163	-0.000265367077563686
241.24301563179998	-0.000727261867635045	0.00247001100231335	-0.000265755585614881
241.3527713259	-0.000789489950383801	0.00246268864439297	-0.000266142180917342
241.46252701999998	-0.000851554106593422	0.00245379255904861	-0.000266525692077314
241.5722827141	-0.000913414162708178	0.00244332807323015	-0.000266908129283603
241.6820384082	-0.000975030490943848	0.0024313004610471	-0.00026728806888663
241.7917941023	-0.00103636422691002	0.00241771480013249	-0.000267665427462668
241.9015497964	-0.00109736835788736	0.00240257932387738	-0.000268040162035038
242.01130549049998	-0.00115801718402793	0.00238589435880686	-0.000268412220288728
242.1210611846	-0.00121825565663841	0.00236768232589868	-0.000268781535135077
242.23081687869998	-0.00127805467470759	0.00234794512213192	-0.000269147842050999
242.3405725728	-0.00133737337218923	0.00232669327537135	-0.000269511262601669
242.4503282669	-0.00139617175407011	0.00230393901308335	-0.000269871532489747
242.560083961	-0.00145440895846299	0.00227969683928501	-0.00027022848639702
242.6698396551	-0.00151204601217103	0.00225398301800795	-0.000270582651058013
242.77959534919998	-0.00156904438598137	0.00222681413423762	-0.000270934194608274
242.8893510433	-0.0016253665678915	0.00219820611201646	-0.000271282851246979
242.99910673739998	-0.00168097412578559	0.00216817949279901	-0.000271629015740522
243.1088624315	-0.0017358286937518	0.00213675412282279	-0.000271972705422409
243.2186181256	-0.00178990759543744	0.00210394486844683	-0.000272313850804384
243.32837381969998	-0.00184316357874169	0.00206978501907463	-0.000272652596447186
243.4381295138	-0.00189556899704284	0.00203428636559519	-0.000272988906702506
243.54788520789998	-0.00194709970697735	0.00199747894541348	-0.000273322481813601
243.657640902	-0.00199769698483767	0.00195936336873793	-0.000273653406661859
243.76739659609999	-0.00204736540273099	0.00191999527024964	-0.000273981629816494
243.8771522902	-0.00209604372587071	0.00187938021756133	-0.000274308464491301
243.9869079843	-0.00214371094946683	0.0018375499414828	-0.000274633680570588
244.09666367839998	-0.00219033628444056	0.00179452813975508	-0.000274957306965511
244.2064193725	-0.00223589110601409	0.00175034057921466	-0.000275278673068731
244.31617506659998	-0.00228034566674248	0.00170500899725347	-0.000275598092281335
244.4259307607	-0.00232366588304544	0.00165857734900617	-0.000275916043799576
244.5356864548	-0.00236582686101122	0.00161106504800063	-0.00027623295062695
244.6454421489	-0.00240680436443793	0.00156250165487617	-0.000276549106469199
244.755197843	-0.00244657234968638	0.00151291977739038	-0.000276865306754074
244.86495353709998	-0.00248510381545191	0.00146235037194868	-0.000277182048891344
244.9747092312	-0.00252237514839876	0.00141082692522549	-0.000277499780121115
245.08446492529998	-0.00255835714509667	0.00135838358168248	-0.000277818929898959
245.1942206194	-0.00259304346703189	0.00130506119718625	-0.000278139968343105
245.3039763135	-0.00262640454359627	0.00125089079446128	-0.000278463425797295
245.41373200759998	-0.00265842294184079	0.0011959037583162	-0.000278789678379636
245.5234877017	-0.00268908183799358	0.00114013460251517	-0.000279119241992145
245.63324339579998	-0.00271836365432932	0.0010836169725515	-0.000279452080502987
245.7429990899	-0.00274625190171789	0.0010263858499961	-0.000279788268846923
245.85275478399998	-0.00277273265563924	0.000968474878614268	-0.000280127583084586
245.9625104781	-0.00279779073179602	0.000909920008527013	-0.000280469701146189
246.0722661722	-0.00282141706595526	0.000850750110776082	-0.000280814092350844
246.18202186629998	-0.00284358080256086	0.000791012484775451	-0.000281160022850827
246.2917775604	-0.00286430123324529	0.000730708772505019	-0.000281506824918172
246.40153325449998	-0.00288353558291393	0.000669921537652224	-0.000281853833872888
246.5112889486	-0.00290127839104399	0.000608642756029414	-0.000282200547618386
246.62104464269999	-0.002917528694479	0.000546927781890529	-0.000282546654788815
246.7308003368	-0.00293226649537504	0.000484805866920859	-0.000282892009465243
246.8405560309	-0.00294548103637852	0.000422313610455181	-0.000283236848549176
246.95031172499998	-0.00295716360668607	0.000359488136403842	-0.000283580117855232
247.0600674191	-0.00296730547380868	0.000296367013705494	-0.000283922986854554
247.16982311319998	-0.00297589773841612	0.000232987725165366	-0.000284264709922609
247.2795788073	-0.00298293207928289	0.000169387827573527	-0.00028460601286831
247.3893345014	-0.00298840722575507	0.000105613714480154	-0.000284946335629247
247.4990901955	-0.00299230775950484	4.16880101353184e-05	-0.000285285734885268
247.6088458896	-0.00299464862644764	-2.23318720284642e-05	-0.000285624072335508
247.71860158369998	-0.00299541467166079	-8.64193566040203e-05	-0.000285961262057898
247.8283572778	-0.0029946077793988	-0.000150533681510017	-0.000286297339675863
247.93811297189998	-0.00299222912318744	-0.000214634774148428	-0.000286632573498725
248.047868666	-0.00298828186531549	-0.000278686167624197	-0.000286967430516554
248.1576243601	-0.00298277090952675	-0.000342650149077519	-0.0002873023755755
248.26738005419998	-0.00297569949380366	-0.000406492053348189	-0.000287638054380387
248.3771357483	-0.00296707172341466	-0.000470175483750459	-0.000287974702217471
248.48689144239998	-0.00295689161265565	-0.000533662521175469	-0.00028831251603136
248.5966471365	-0.00294514941312121	-0.000596930292210314	-0.000288651516313358
248.70640283059998	-0.00293188226703422	-0.00065991661079989	-0.000288991683321014
248.8161585247	-0.00291706246486566	-0.000722605956423961	-0.00028933274275646
248.9259142188	-0.0029007059766309	-0.000784955636237035	-0.00028967553631339
249.03566991289998	-0.00288281896052177	-0.000846927015226996	-0.000290020193658104
249.145425607	-0.00286340990350795	-0.000908482603779263	-0.000290367553419268
249.25518130109998	-0.00284248687131184	-0.000969584232358044	-0.000290717933808562
249.3649369952	-0.00282005940071601	-0.00103019330327211	-0.000291072055117916
249.47469268929999	-0.00279614297061763	-0.00109026155343292	-0.000291430284433073
249.5844483834	-0.00277072790210492	-0.0011497763416958	-0.000291791975013568
249.6942040775	-0.00274386469048607	-0.00120867041990776	-0.000292156490572576
249.80395977159998	-0.0027155499891618	-0.00126692496118082	-0.000292523455991168
249.9137154657	-0.0026857969091109	-0.00132450483817901	-0.000292892707130428
250.02347115979998	-0.00265462808898801	-0.0013813769115781	-0.000293264288797251
250.1332268539	-0.00262204737444368	-0.00143749602863017	-0.000293638493374738
250.242982548	-0.00258808574723763	-0.00149283582720394	-0.000294015877307363
250.3527382421	-0.00255276229269483	-0.0015473599595082	-0.000294396479249598
250.4624939362	-0.00251608686934107	-0.00160103141291823	-0.000294782006871583
250.57224963029998	-0.00247808403877816	-0.00165381318011471	-0.000295173038282739
250.6820053244	-0.00243877342290419	-0.00170567771077297	-0.000295569782115652
250.79176101849998	-0.00239817544112538	-0.001756585414646	-0.000295971886782599
250.9015167126	-0.00235632413815261	-0.00180650213766223	-0.000296379303678526
251.0112724067	-0.00231322654600551	-0.00185540287935814	-0.000296791104633163
251.12102810079998	-0.00226891559961278	-0.0019032521515389	-0.000297205648833429
251.2307837949	-0.00222341599373641	-0.00195001968012612	-0.000297624670555216
251.34053948899998	-0.00217675470229764	-0.00199567748318089	-0.000298045929297992
251.4502951831	-0.00212895868092462	-0.00204019605297026	-0.00029846895673265
251.56005087719998	-0.00208005710581392	-0.00208354915264721	-0.00029889345040252
251.6698065713	-0.00203007714033267	-0.0021257077820696	-0.000299319209435044
251.7795622654	-0.00197905063976922	-0.00216664517458488	-0.000299746006798168
251.88931795949998	-0.00192701146842229	-0.00220633876570141	-0.000300173400768748
251.9990736536	-0.00187397278735514	-0.00224473422079346	-0.000300601149505238
252.10882934769998	-0.00181997236716007	-0.0022818699510949	-0.000301029211066723
252.2185850418	-0.00176505422859112	-0.00231766857113617	-0.000301457520800088
252.32834073589999	-0.00170923657474175	-0.00235212355897274	-0.000301886188809688
252.43809643	-0.00165254770527602	-0.00238521383587299	-0.000302315028650316
252.5478521241	-0.00159501997432316	-0.00241691640053277	-0.000302744023594462
252.65760781819998	-0.0015366848284953	-0.00244720668668536	-0.000303173318337615
252.7673635123	-0.0014775790772717	-0.00247606182998888	-0.000303602670076176
252.87711920639998	-0.00141773669736826	-0.00250345776279796	-0.000304033113374921
252.9868749005	-0.00135720083861562	-0.00252937705250892	-0.000304463861368842
253.0966305946	-0.00129599005411072	-0.00255377933877323	-0.000304895929015574
253.2063862887	-0.00123417231319733	-0.00257668020239788	-0.000305329303522636
253.3161419828	-0.00117177266969178	-0.0025980423735081	-0.000305763813770796
253.42589767689998	-0.00110882970427216	-0.00261785434132866	-0.000306199277592019
253.535653371	-0.00104538310955738	-0.00263610242330425	-0.000306635956617122
253.64540906509998	-0.000981474310616133	-0.00265277493308119	-0.000307073637114815
253.7551647592	-0.000917141707421362	-0.00266786088392852	-0.000307512784870847
253.8649204533	-0.000852424114421418	-0.002681350443034	-0.000307953063905024
253.97467614739998	-0.000787360543719998	-0.00269323218313673	-0.00030839483559042
254.0844318415	-0.000721992381016813	-0.00270349661207235	-0.000308838368532494
254.19418753559998	-0.000656365626696959	-0.00271213570670823	-0.000309283737351928
254.3039432297	-0.00059049943566707	-0.00271912403428581	-0.000309731046335656
254.41369892379998	-0.000524466148098754	-0.00272448853004885	-0.000310180465110604
254.5234546179	-0.000458290170851373	-0.00272820040045383	-0.000310632007319776
254.633210312	-0.00039201569249399	-0.00273026057429932	-0.000311085730150043
254.74296600609998	-0.000325684662639743	-0.00273066621760904	-0.000311541105110921
254.8527217002	-0.000259336776938902	-0.00272941962526516	-0.000311997804120873
254.96247739429998	-0.000193017431808757	-0.00272651717564434	-0.000312454766107302
255.0722330884	-0.000126766519291522	-0.00272196209922144	-0.000312911157783552
255.18198878249999	-6.06262879157033e-05	-0.00271575150609364	-0.000313365940761446
255.2917444766	5.35814881321412e-06	-0.002707903148991	-0.000313818884012887
255.4015001707	7.11486077103197e-05	-0.00269841471040848	-0.000314269461499331
255.51125586479998	0.000136700728301443	-0.00268728793663245	-0.000314716895994337
255.6210115589	0.000201985441858955	-0.00267453661335148	-0.000315159972981947
255.73076725299998	0.000266954852575672	-0.00266016507868697	-0.00031559757267719
255.8405229471	0.000331570502630901	-0.00264417956403945	-0.000316029244139511
255.9502786412	0.000395795345118172	-0.00262659268765785	-0.000316455324664613
256.0600343353	0.000459587846531569	-0.00260741215440567	-0.00031687533427601
256.16979002939996	0.000522910799343427	-0.00258664813761577	-0.000317288429633759
256.2795457235	0.000585723640567529	-0.00256430766987803	-0.000317694403981834
256.3893014176	0.000647980364725363	-0.00254042132882389	-0.000318093724809838
256.4990571117	0.000709651244182842	-0.00251498526183008	-0.000318486764650472
256.60881280579997	0.000770695080553539	-0.00248802288269422	-0.000318874079917214
256.7185684999	0.000831074004322636	-0.00245955015949852	-0.000319256437096016
256.828324194	0.000890752080374534	-0.00242958622162234	-0.000319634592069093
256.9380798881	0.000949692882454171	-0.00239815186992494	-0.000320009185345203
257.0478355822	0.00100786336931781	-0.00236526662432886	-0.000320380812153679
257.15759127629997	0.00106522972248438	-0.00233095103963214	-0.000320749403648545
257.2673469704	0.00112176042781205	-0.00229521651803101	-0.000321115022272736
257.3771026645	0.00117741505205539	-0.00225810005442865	-0.000321478150243899
257.4868583586	0.00123216516205717	-0.00221961210873149	-0.000321838950368818
257.5966140527	0.00128598027275233	-0.00217977378265352	-0.000322197380329175
257.70636974679996	0.00133882640006852	-0.0021386090843291	-0.000322553775551873
257.8161254409	0.00139067065695864	-0.00209614126496348	-0.000322908491483181
257.925881135	0.0014414781889814	-0.00205239453872612	-0.000323262376517242
258.0356368291	0.00149121895410942	-0.00200739650205403	-0.000323616316682039
258.1453925232	0.00153986928051842	-0.00196118215226769	-0.000323971353467198
258.25514821729996	0.00158737403406166	-0.00191374969273638	-0.000324328244184946
258.3649039114	0.00163374150399533	-0.00186516009497308	-0.00032468708645498
258.4746596055	0.00167891923779416	-0.00181542398099259	-0.00032504824439072
258.5844152996	0.00172288024603025	-0.0017645795718906	-0.000325412700525298
258.69417099369997	0.00176561685028091	-0.00171264219828166	-0.000325781019802332
258.8039266878	0.00180709013818647	-0.00165965107458265	-0.000326153363073485
258.9136823819	0.00184728000308789	-0.00160562699767196	-0.000326529315831846
259.023438076	0.00188615964172988	-0.00155059970549522	-0.000326909000455921
259.1331937701	0.00192370303335119	-0.0014946018245921	-0.00032729255704883
259.24294946419997	0.00195988547177854	-0.0014376660834054	-0.000327679643879582
259.3527051583	0.00199468489584934	-0.00137982658913919	-0.000328070421439775
259.4624608524	0.00202807278325066	-0.0013211156893887	-0.000328464852458091
259.5722165465	0.0020600416940352	-0.00126157018210913	-0.000328862636674693
259.6819722406	0.00209056275163714	-0.00120122003827781	-0.000329263505136344
259.79172793469996	0.00211961466169799	-0.00114009540987914	-0.000329666990591939
259.9014836288	0.0021471739683863	-0.00107822915270206	-0.000330071887754868
260.0112393229	0.00217321877630353	-0.00101565717832232	-0.000330477738386056
260.120995017	0.00219772924529452	-0.000952416634102444	-0.000330884261082694
260.2307507111	0.00222068779618056	-0.000888540727509844	-0.000331290456160064
260.3405064052	0.00224206501208825	-0.000824087855669678	-0.000331695952248041
260.4502620993	0.0022618607863054	-0.000759075515756555	-0.000332100825099204
260.5600177934	0.00228004849066639	-0.00069356138386681	-0.000332505273580715
260.6697734875	0.00229660522659613	-0.000627564408483586	-0.000332907528873465
260.77952918159997	0.00231154932047102	-0.000561154381299838	-0.000333310385393623
260.8892848757	0.00232483842614785	-0.000494353728043442	-0.000333713660339825
260.9990405698	0.00233647206942107	-0.000427210878927854	-0.000334116001930665
261.1087962639	0.00234643962656439	-0.000359768861609826	-0.000334517865044083
261.218551958	0.00235473524024144	-0.000292071597136537	-0.000334919759494089
261.32830765209997	0.00236135182363957	-0.000224161828317356	-0.000335322066711689
261.4380633462	0.00236628549432479	-0.000156083239111297	-0.000335725411752162
261.5478190403	0.00236953641543249	-8.78860500990817e-05	-0.000336130163540604
261.6575747344	0.00237109327647843	-1.95978322878548e-05	-0.000336537104461386
261.7673304285	0.00237097491625095	4.8719839155879e-05	-0.000336946461059764
261.87708612259996	0.00236916933762265	0.000117037200342284	-0.000337357942908852
261.9868418167	0.00236567878786166	0.000185312688057894	-0.000337770169107994
262.0965975108	0.00236050434437738	0.000253505665826106	-0.000338183200949197
262.2063532049	0.0023536488151099	0.000321574799096541	-0.000338597358093547
262.31610889899997	0.00234511534871516	0.000389481675894799	-0.000339011276413125
262.4258645931	0.00233490457732199	0.000457184619147588	-0.000339424887525567
262.5356202872	0.00232301901574351	0.000524641600887226	-0.000339838391031947
262.6453759813	0.00230945970506806	0.000591809501144378	-0.000340252431742488
262.7551316754	0.00229425042860341	0.000658641680679104	-0.00034066763136643
262.86488736949997	0.00227737938929546	0.000725107629310949	-0.000341084836090642
262.9746430636	0.00225886136473363	0.000791163497763891	-0.000341504990803315
263.0843987577	0.00223870359710406	0.000856768571775238	-0.000341929109739277
263.1941544518	0.00221691714910644	0.000921880277736911	-0.000342357672020029
263.3039101459	0.0021935131950283	0.000986456135702928	-0.000342791231904208
263.41366583999996	0.00216850547427752	0.00105045574343752	-0.00034323068437347
263.5234215341	0.00214191407902056	0.00111382769361693	-0.000343677364470736
263.6331772282	0.00211373202048601	0.00117655785081341	-0.00034413286951273
263.7429329223	0.00208401920269123	0.00123857108913845	-0.000344598292191862
263.8526886164	0.00205276604988948	0.00129984523321566	-0.000345074631395934
263.96244431049996	0.00202001391931261	0.00136035514836263	-0.000345562264323585
264.0722000046	0.00198574861967248	0.00142003255932047	-0.000346060915725077
264.1819556987	0.001950026912524	0.00147887879139433	-0.000346570367264149
264.2917113928	0.00191285564426135	0.00153683337507811	-0.000347089746101389
264.40146708689997	0.00187425789158576	0.00159386577212296	-0.00034761819274122
264.511222781	0.00183430122430898	0.00164997120697135	-0.000348155041837917
264.6209784751	0.00179288141810402	0.00170502255377199	-0.000348701615055815
264.7307341692	0.00175014963372902	0.00175907840099837	-0.000349256064731946
264.8404898633	0.00170610649005237	0.00181206776171469	-0.000349817943515259
264.95024555739997	0.00166076240731735	0.0018639694888356	-0.000350386860571804
265.0600012515	0.00161415200720231	0.00191474883078752	-0.000350962266820692
265.1697569456	0.00156630040476415	0.00196437704056114	-0.000351543227265409
265.2795126397	0.00151723807626857	0.00201282463395646	-0.000352129563395773
265.3892683338	0.00146699153183996	0.00206006062300404	-0.000352720387002773
265.49902402789996	0.00141559376150693	0.00210605597263734	-0.000353315441635096
265.608779722	0.00136307361025572	0.00215077492562462	-0.000353914118566501
265.7185354161	0.00130946877241105	0.00219420595281608	-0.000354515538063464
265.8282911102	0.00125480797485168	0.00223630989196677	-0.000355118959212961
265.9380468043	0.00119911756743129	0.00227705951718961	-0.000355724179623159
266.04780249839996	0.00114245028756133	0.00231642117756293	-0.000356329698148457
266.1575581925	0.00108483259480456	0.00235437591329218	-0.000356935403210528
266.2673138866	0.00102630233099829	0.0023909041410246	-0.000357540342619903
266.3770695807	0.000966897577878606	0.00242598520794503	-0.000358143277863594
266.48682527479997	0.000906657747767801	0.00245960211401414	-0.000358743957804052
266.5965809689	0.00084561867931306	0.00249173718177488	-0.000359342479266159
266.706336663	0.000783819288841638	0.00252237356385461	-0.000359938103390535
266.8160923571	0.000721294323227273	0.00255149315098127	-0.00036053075004235
266.9258480512	0.000658083826284262	0.00257907677677035	-0.000361120202403655
267.03560374529997	0.000594230545062034	0.00260512748787002	-0.000361705860593578
267.1453594394	0.000529759742873346	0.00262961272984776	-0.000362288082132716
267.2551151335	0.000464713122761426	0.00265252783661855	-0.000362869319042285
267.3648708276	0.000399127248538663	0.00267385817940587	-0.00036344954616088
267.4746265217	0.000333040086958718	0.00269359355093885	-0.000364029928646173
267.58438221579996	0.000266489673550886	0.00271172428627178	-0.000364611096276587
267.6941379099	0.000199512611694618	0.00272824026509149	-0.000365193498908718
267.803893604	0.000132153597250526	0.00274313565675785	-0.000365777967362532
267.9136492981	6.44297971333815e-05	0.00275638101068411	-0.000366365227737616
268.02340499219997	-3.59149625437961e-06	0.00276800111196637	-0.000366955772921369
268.1331606863	-7.18925648017136e-05	0.00277796650969381	-0.000367550217711603
268.2429163804	-0.000140428908690077	0.00278627071752487	-0.00036814938531293
268.3526720745	-0.000209166924909978	0.00279290776491184	-0.000368753597371335
268.4624277686	-0.000278064648539577	0.00279786456670147	-0.000369363641669899
268.57218346269997	-0.0003470913378052	0.00280114859596738	-0.000369979518885822
268.6819391568	-0.000416191886742783	0.00280273657464634	-0.00037060081091464
268.7916948509	-0.000485324749632573	0.00280263187119742	-0.000371227124438009
268.901450545	-0.000554438642927769	0.00280083409880045	-0.000371858443525808
269.0112062391	-0.000623508590514366	0.00279732819011955	-0.000372494980993285
269.12096193319996	-0.000692459847018552	0.00279214984617872	-0.000373137403583452
269.2307176273	-0.000761269931286317	0.00278528316744624	-0.000373786476233424
269.3404733214	-0.000829896131869424	0.00277673714146663	-0.000374442802278058
269.4502290155	-0.000898298367512323	0.00276651658674179	-0.00037510615880749
269.5599847096	-0.000966435305551066	0.00275463091521232	-0.000375776138722812
269.66974040369996	-0.00103427194132233	0.0027410819384689	-0.000376453714312035
269.7794960978	-0.00110175945435313	0.0027258933706809	-0.000377137527885755
269.8892517919	-0.00116886386005814	0.00270902222396395	-0.000377827309522212
269.999007486	-0.00123554636036791	0.00269055054823443	-0.000378522899954401
270.10876318009997	-0.00130176848869359	0.00267044329896997	-0.000379223695324308
270.2185188742	-0.00136749076067943	0.00264871449223583	-0.000379928737228871
270.3282745683	-0.00143267796295371	0.00262538026885455	-0.000380637056494405
270.4380302624	-0.00149728643025804	0.0026004463844288	-0.000381347111906579
270.5477859565	-0.00156127752794339	0.00257392889888645	-0.000382058131567042
270.65754165059997	-0.00162461022061228	0.00254584174991962	-0.000382769613332019
270.7672973447	-0.0016872414557448	0.00251620331322438	-0.000383481259052174
270.8770530388	-0.00174912848017883	0.00248503024838206	-0.000384193203827802
270.9868087329	-0.00181025083401179	0.00245232602000635	-0.000384905739270707
271.096564427	-0.00187053882433672	0.00241814339892137	-0.000385619034343843
271.20632012109996	-0.00192997227051003	0.00238248270853716	-0.000386333232209048
271.3160758152	-0.00198851325255923	0.00234537230178104	-0.000387048355018421
271.4258315093	-0.00204612413518358	0.0023068348016448	-0.000387764952524578
271.5355872034	-0.00210277139510549	0.00226689500470872	-0.000388482835661455
271.6453428975	-0.00215841886305054	0.00222558089824291	-0.000389202020062132
271.75509859159996	-0.00221303294833823	0.00218291697462741	-0.000389922217373024
271.8648542857	-0.00226657483541717	0.00213893523099715	-0.000390643588590562
271.9746099798	-0.00231903337935995	0.00209364440954282	-0.000391366792524864
272.0843656739	-0.00237034705822841	0.00204710638940693	-0.000392091736570293
272.19412136799997	-0.00242050102069744	0.00199933376924605	-0.000392819263466796
272.3038770621	-0.00246947101049684	0.0019503689443084	-0.000393548993188587
272.4136327562	-0.00251720902917629	0.00190021829612002	-0.000394283169336431
272.5233884503	-0.00256372541915702	0.00184894945166656	-0.000395021296579312
272.6331441444	-0.00260897477924722	0.00179657367186629	-0.000395763531978932
272.74289983849997	-0.0026529383755673	0.00174312613621185	-0.000396509981436629
272.8526555326	-0.00269559288088868	0.00168863698822782	-0.000397260780264274
272.9624112267	-0.002736915784424	0.00163313668504928	-0.00039801537431677
273.0721669208	-0.00277688390761739	0.00157665408927082	-0.00039877293545302
273.1819226149	-0.00281547574668354	0.00151922199789142	-0.000399532869208555
273.29167830899996	-0.00285266833910106	0.00146087335384987	-0.000400294682600013
273.4014340031	-0.00288843124673632	0.00140164558661798	-0.000401058284355466
273.5111896972	-0.00292277152171901	0.00134155476297549	-0.000401823997383278
273.6209453913	-0.00295563055038697	0.00128065632500618	-0.000402590962764982
273.73070108539997	-0.00298701814244089	0.00121897527850365	-0.000403358574156549
273.8404567795	-0.00301690694957355	0.001156541300083	-0.000404127022839672
273.9502124736	-0.00304528190587766	0.00109338884853457	-0.000404895468584767
274.0599681677	-0.00307211454937399	0.00102954949236968	-0.00040566376599169
274.1697238618	-0.00309739484689438	0.000965064165132868	-0.000406431686074874
274.27947955589997	-0.00312110341800056	0.000899968809223834	-0.000407198442558682
274.38923525	-0.00314322148185952	0.000834299788361599	-0.00040796392619037
274.4989909441	-0.003163735307677	0.000768099418726389	-0.000408728508884267
274.6087466382	-0.00318262747002444	0.000701403098187517	-0.000409491629965641
274.7185023323	-0.0031998784610322	0.000634252034254225	-0.000410253218313582
274.82825802639996	-0.00321549324649931	0.000566693434372603	-0.0004110140706295
274.9380137205	-0.00322944023434148	0.000498757525490306	-0.000411774272689795
275.0477694146	-0.00324171262888938	0.000430489976332603	-0.000412533951662961
275.1575251087	-0.00325229703968785	0.000361935438212754	-0.000413293069483466
275.2672808028	-0.00326118773443112	0.000293139748184477	-0.000414051353842445
275.37703649689996	-0.00326838144604476	0.000224148917254569	-0.000414808720965383
275.486792191	-0.00327387447900656	0.00015500442748078	-0.000415565567837167
275.5965478851	-0.00327766655046598	8.57571270579129e-05	-0.000416322260717569
275.7063035792	-0.00327974575323532	1.6434872313259e-05	-0.000417079598408953
275.81605927329997	-0.00328012873875403	-5.29005030058915e-05	-0.000417837780805372
275.9258149674	-0.00327880850320029	-0.000122214893707009	-0.000418598931666618
276.0355706615	-0.0032757863843627	-0.000191464525418011	-0.000419362428182026
276.1453263556	-0.00327106709678914	-0.000260606180402559	-0.000420128526391794
276.2550820497	-0.00326465618388611	-0.000329596450331049	-0.000420897014990345
276.36483774379997	-0.00325655924996825	-0.000398394878183978	-0.000421667633875366
276.4745934379	-0.00324678509124233	-0.00046695746514239	-0.000422440606114919
276.584349132	-0.00323534104487038	-0.000535243979450298	-0.000423215900597928
276.6941048261	-0.00322223214010188	-0.000603214992050306	-0.00042399263679004
276.8038605202	-0.00320748495993799	-0.00067082684621242	-0.000424770546362896
276.91361621429996	-0.00319108826629491	-0.000738050741138035	-0.000425548027644741
277.0233719084	-0.0031730580167595	-0.000804842278383543	-0.000426323057631676
277.1331276025	-0.00315339749244603	-0.000871157921028245	-0.000427095214711999
277.2428832966	-0.00313212624644267	-0.000936957671634344	-0.000427863508074387
277.3526389907	-0.0031092577178268	-0.00100220120701592	-0.00042862744218186
277.46239468479996	-0.00308480971240658	-0.00106684684744043	-0.000429386730081376
277.5721503789	-0.00305880204993536	-0.00113085175288977	-0.00043014084626447
277.681906073	-0.00303124190106073	-0.00119419505749874	-0.000430889231634972
277.7916617671	-0.00300216452448399	-0.00125682125401593	-0.00043163171336493
277.90141746119997	-0.00297157650804576	-0.00131870500702205	-0.000432368185993329
278.0111731553	-0.00293949970714614	-0.00137981160589413	-0.000433098386150044
278.1209288494	-0.00290595363077373	-0.00144010463991123	-0.000433822334354632
278.2306845435	-0.00287096259003549	-0.00149955022185128	-0.000434540328086949
278.3404402376	-0.00283455154300912	-0.00155811357127717	-0.000435252705520915
278.45019593169997	-0.00279674222089833	-0.00161576588035659	-0.000435960027984075
278.5599516258	-0.0027575564131986	-0.00167247589308855	-0.000436662935443609
278.6697073199	-0.00271701660511513	-0.0017282102991943	-0.000437362138146349
278.779463014	-0.00267513018630094	-0.00178295055658239	-0.000438057633098862
278.8892187081	-0.00263195286946053	-0.00183663721546498	-0.000438749947356291
278.99897440219996	-0.00258746738876352	-0.00188923841374717	-0.00043944008866538
279.1087300963	-0.00254174103914804	-0.00194075081729434	-0.000440128799664763
279.2184857904	-0.00249478801101214	-0.00199112249505683	-0.000440816417065292
279.3282414845	-0.0024466387389982	-0.00204032762280588	-0.000441503510807068
279.43799717859997	-0.0023973239587541	-0.00208834224237644	-0.000442190543763213
279.5477528727	-0.00234687597101712	-0.00213514018988915	-0.000442877765709766
279.6575085668	-0.00229532395392239	-0.0021806981225641	-0.000443565400301864
279.7672642609	-0.00224269796481327	-0.00222499270928863	-0.000444253653818429
279.877019955	-0.00218903245761038	-0.00226799267210341	-0.000444942828813602
279.98677564909997	-0.00213435276189035	-0.00230968723621682	-0.000445632962784329
280.0965313432	-0.00207869786555573	-0.00235004296992776	-0.000446324235721872
280.2062870373	-0.00202210059093787	-0.00238903808234772	-0.000447016754706413
280.3160427314	-0.00196459429139162	-0.00242665546638861	-0.000447710449747144
280.4257984255	-0.00190621562614264	-0.00246287975180834	-0.000448405869419065
280.53555411959996	-0.00184697715508091	-0.00249767091872562	-0.000449101562538306
280.6453098137	-0.00178694530403408	-0.00253104268517367	-0.00044979756105898
280.7550655078	-0.00172613837508345	-0.00256295210737988	-0.000450494359192468
280.8648212019	-0.00166459261145359	-0.00259338946710514	-0.000451190647086539
280.974576896	-0.00160234305193947	-0.0026223363259834	-0.000451886831494759
281.08433259009996	-0.00153942362586144	-0.00264977506168764	-0.000452582459803836
281.1940882842	-0.00147587471425571	-0.00267568935343918	-0.000453277396904134
281.3038439783	-0.0014117333035655	-0.00270006168942894	-0.000453971892317233
281.4135996724	-0.00134704720130856	-0.00272288236062084	-0.000454667213662432
281.52335536649997	-0.0012818360550184	-0.00274411801606587	-0.000455361871286067
281.6331110606	-0.00121616939995612	-0.00276379046601556	-0.000456057445417875
281.7428667547	-0.00115007079673259	-0.00278187015204033	-0.000456754731329878
281.8526224488	-0.00108357359884351	-0.00279835799578852	-0.000457454454666097
281.9623781429	-0.00101672583591232	-0.00281323677553479	-0.000458158455522827
282.07213383699997	-0.000949564381247218	-0.00282649836347405	-0.000458868001696421
282.1818895311	-0.000882122349222459	-0.00283815248628825	-0.000459584250584206
282.2916452252	-0.000814443162167906	-0.00284817977567521	-0.000460306544588209
282.4014009193	-0.000746564088763995	-0.00285658217561179	-0.000461035415287186
282.5111566134	-0.000678522029483579	-0.00286335385309075	-0.000461770513112794
282.62091230749996	-0.00061035764123659	-0.00286848531920642	-0.000462511672459197
282.7306680016	-0.000542120071386129	-0.00287198998302292	-0.000463259333821923
282.8404236957	-0.000473839795547701	-0.00287384717633438	-0.000464014145655589
282.9501793898	-0.000405559137526775	-0.00287406410199017	-0.000464776352581171
283.0599350839	-0.000337318685581172	-0.00287263906511295	-0.000465546168266483
283.16969077799996	-0.000269161509757698	-0.00286957371360456	-0.000466323071105899
283.2794464721	-0.000201124432469457	-0.00286487230294728	-0.000467105596261305
283.3892021662	-0.000133255173007109	-0.0028585304437514	-0.000467893969717821
283.4989578603	-6.55990502506609e-05	-0.00285056686862579	-0.000468687019714135
283.60871355439997	1.81871016033436e-06	-0.00284097582604437	-0.000469484101721954
283.7184692485	6.89379402524626e-05	-0.00282978737538924	-0.000470284861322535
283.8282249426	0.000135732654137406	-0.00281700092168549	-0.00047108903766234
283.9379806367	0.000202166614392368	-0.0028026291167186	-0.000471896448234189
284.0477363308	0.000268202549802004	-0.00278668153805287	-0.00047270735210232
284.15749202489997	0.000333802365752194	-0.00276917108772165	-0.000473522037578286
284.267247719	0.000398930863378615	-0.00275010939751306	-0.000474339769190488
284.3770034131	0.000463548188699171	-0.00272951571879152	-0.00047515955683521
284.4867591072	0.000527625504069647	-0.00270740901639795	-0.000475980299149045
284.5965148013	0.000591106234865024	-0.002683781200868	-0.000476800209168098
284.70627049539996	0.00065399172730532	-0.00265868751273839	-0.000477618146135916
284.8160261895	0.000716226455219339	-0.00263211326664966	-0.000478433868089133
284.9257818836	0.000777784453729917	-0.00260408271992881	-0.000479245884288479
285.0355375777	0.000838630478812358	-0.00257460809621919	-0.000480053702025359
285.14529327179997	0.000898732358051753	-0.00254370546371693	-0.000480856420193144
285.25504896589996	0.000958051190117878	-0.00251138955580272	-0.000481652661380617
285.36480466	0.00101655136792039	-0.00247767651803304	-0.000482440931179607
285.4745603541	0.00107419105994547	-0.00244258704303443	-0.000483221822792051
285.5843160482	0.00113093342222501	-0.00240613955357634	-0.000483995902063815
285.69407174229997	0.00118673341200561	-0.00236837615990941	-0.000484764380332501
285.8038274364	0.00124156182726965	-0.00232931602015229	-0.000485527899155656
285.9135831305	0.00129539000734299	-0.0022889912649878	-0.000486287083667127
286.0233388246	0.00134818923919607	-0.00224743246005831	-0.000487042742942161
286.1330945187	0.00139993254300887	-0.00220467052318531	-0.000487795303948474
286.24285021279996	0.00145059418385921	-0.00216073623827296	-0.000488544653330516
286.3526059069	0.00150015132421655	-0.00211565941646844	-0.000489290713762867
286.462361601	0.00154857936772937	-0.0020694679787345	-0.000490033266359765
286.5721172951	0.0015958571274627	-0.0020221927686663	-0.000490772594106985
286.6818729892	0.00164195813001131	-0.00197386040769318	-0.000491508786935676
286.79162868329996	0.00168686677834945	-0.00192450201737944	-0.000492242520007683
286.9013843774	0.00173057253629233	-0.00187415118894697	-0.000492975124919145
287.0111400715	0.00177303752444515	-0.0018228387291154	-0.000493707561584095
287.1208957656	0.00181425649879392	-0.00177057800256835	-0.000494440328526209
287.23065145969997	0.00185420402703101	-0.00171740360694189	-0.000495174240055787
287.3404071538	0.00189286492976642	-0.00166334203043294	-0.000495908987503086
287.4501628479	0.00193022117056697	-0.00160842433021192	-0.000496644258991888
287.559918542	0.00196625321271898	-0.00155267833123467	-0.000497379219532994
287.6696742361	0.00200094170531867	-0.00149613408378126	-0.000498113578948018
287.77942993019997	0.00203426637759913	-0.00143882052690507	-0.00049884662823027
287.8891856243	0.00206620805630079	-0.00138077087335148	-0.000499577765274774
287.9989413184	0.00209674040114141	-0.00132201579431209	-0.000500306218922428
288.1086970125	0.00212585942493172	-0.00126259697686921	-0.000501031033559218
288.2184527066	0.00215353930037463	-0.00120254655300553	-0.000501751680610187
288.32820840069996	0.00217976682006636	-0.00114189632963985	-0.000502467698642496
288.4379640948	0.002204521956481	-0.00108068551097387	-0.000503179304147225
288.5477197889	0.00222781677039469	-0.00101893189925563	-0.000503885312791341
288.657475483	0.00224959747849997	-0.000956705288357317	-0.000504586759666535
288.7672311771	0.00226988206917345	-0.000894013395922692	-0.000505283613238474
288.87698687119996	0.00228864819367493	-0.000830905896058832	-0.000505976214277727
288.9867425653	0.00230588883050269	-0.000767420257929482	-0.00050666469651529
289.0964982594	0.00232159558435762	-0.000703596349073168	-0.000507348847132248
289.2062539535	0.00233575952875206	-0.000639474117981217	-0.000508028404604211
289.31600964759997	0.00234839536308584	-0.000575100498214049	-0.000508703517647966
289.4257653417	0.0023594813977129	-0.000510502837245905	-0.000509374236758735
289.5355210358	0.00236902391853613	-0.000445721626218134	-0.000510040689503213
289.6452767299	0.00237701969241586	-0.000380794506353912	-0.000510703526282757
289.755032424	0.00238346816432665	-0.000315758009387702	-0.00051136291400767
289.86478811809997	0.0023883707738167	-0.000250651079415388	-0.000512019241751208
289.9745438122	0.00239172701675293	-0.000185508928608212	-0.000512672570090752
290.0842995063	0.00239354054123306	-0.000120376265184883	-0.000513322594491444
290.1940552004	0.00239379110473373	-5.52699950123838e-05	-0.000513968367824072
290.3038108945	0.00239251680321187	9.73981375242948e-06	-0.000514609047994005
290.41356658859996	0.00238969730730943	7.4630885700152e-05	-0.00051524428882024
290.5233222827	0.00238534431460288	0.000139362339434351	-0.000515874303941794
290.6330779768	0.00237945816519408	0.000203897529937199	-0.000516500368964125
290.7428336709	0.00237204798834433	0.00026819596642498	-0.000517122623548515
290.852589365	0.00236312328459126	0.000332214341757042	-0.000517741559077052
290.96234505909996	0.00235269686080038	0.000395916811450825	-0.000518356987389745
291.0721007532	0.0023407836599104	0.000459263731142082	-0.000518968981061189
291.1818564473	0.00232739867477887	0.00052221645335727	-0.000519578369087657
291.2916121414	0.00231254624618013	0.000584754596408624	-0.000520185670316416
291.40136783549997	0.00229627546184804	0.000646820015697123	-0.000520791446010575
291.5111235296	0.00227857040222507	0.000708405084124837	-0.000521395706528727
291.6208792237	0.00225945466407762	0.000769475695660443	-0.000521998717199445
291.7306349178	0.00223893907990767	0.00083000251029809	-0.000522600116846271
291.8403906119	0.00221703778086751	0.000889957397199069	-0.000523199743475494
291.95014630599997	0.00219376396239399	0.000949308861553209	-0.000523797037312604
292.0599020001	0.0021691313870036	0.00100802441998424	-0.000524391661451007
292.1696576942	0.0021431546782517	0.00106607058257661	-0.000524983029737029
292.2794133883	0.00211584354676085	0.00112341516035728	-0.000525570732933206
292.3891690824	0.00208722971120813	0.00118002025323966	-0.000526154017793728
292.49892477649996	0.00205731754812443	0.0012358525875494	-0.000526731963142908
292.6086804706	0.00202613748199219	0.00129089333910368	-0.000527304078277275
292.7184361647	0.00199368540493248	0.00134508520414162	-0.000527869823963693
292.8281918588	0.00196001503655004	0.00139843642040232	-0.00052842879037567
292.93794755289997	0.00192512928742521	0.00145088447534327	-0.000528980719256707
293.047703247	0.00188905652484336	0.00150241122261614	-0.000529525612173
293.1574589411	0.00186123814500546	0.0015404322584203	-0.000529930249013466
293.2672146352	0.00181345026533518	0.00160258330384764	-0.000530598039426611
293.3769703293	0.00177396581027308	0.00165117646405807	-0.000531129176005387
293.48672602339997	0.00173339377923849	0.00169874048496193	-0.000531658976392909
293.5964817175	0.00169174867812357	0.00174526034183117	-0.000532189100588711
293.7062374116	0.00164909142445967	0.0017906833791277	-0.000532720300819122
293.8159931057	0.00160542162688961	0.00183500693547409	-0.000533253674024894
293.9257487998	0.00156077826968547	0.00187820395518153	-0.000533790066920781
294.03550449389996	0.00151519282267218	0.00192025296857229	-0.000534330539796304
294.145260188	0.00146869575184124	0.00196113399833847	-0.000534875815980853
294.2550158821	0.00142131760696487	0.00200083292875951	-0.000535426777305483
294.3647715762	0.00137308347607245	0.00203932345254951	-0.000535983362439361
294.4745272703	0.00132402783633282	0.00207660224391361	-0.000536547079858867
294.58428296439996	0.00127417301987878	0.002112636651382	-0.000537118717526907
294.6940386585	0.00122354593221012	0.00214740407097173	-0.000537698189258341
294.8037943526	0.00117217996685974	0.00218088486210581	-0.000538286915856757
294.9135500467	0.00112011402216189	0.00221305624038915	-0.000538882744716975
295.02330574079997	0.00106736001309796	0.00224392438777566	-0.000539486027881783
295.1330614349	0.00101398939351358	0.00227343905913058	-0.000540095743921587
295.242817129	0.000960008532911674	0.00230160305059714	-0.000540710996629859
295.3525728231	0.000905462280233778	0.0023283986024405	-0.000541331013138794
295.4623285172	0.00085038507644261	0.00235380952046143	-0.000541954470490538
295.57208421129997	0.000794817743563876	0.00237782306289697	-0.000542579859752659
295.6818399054	0.00073879729700044	0.00240042685089003	-0.000543205633027881
295.7915955995	0.000682366689661628	0.00242161304676069	-0.000543830465000516
295.9013512936	0.000625568778150038	0.00244138886721104	-0.000544453415417866
296.0111069877	0.00056843194236931	0.00245973096539848	-0.000545073107414007
296.12086268179996	0.000510997958493381	0.00247664291876195	-0.000545687732339797
296.2306183759	0.00045329833629179	0.00249211306652114	-0.000546296081313144
296.34037407	0.000395374821830371	0.00250614285631404	-0.000546897767437543
296.4501297641	0.000337263768065044	0.00251872529804869	-0.000547490745167322
296.5598854582	0.000279009373963046	0.00252986102668411	-0.000548073876732114
296.66964115229996	0.000220645387116643	0.00253954328303084	-0.000548647371267227
296.7793968464	0.000162227710855398	0.00254778423866017	-0.000549210565193572
296.8891525405	0.000103771496977385	0.00255456913604894	-0.000549763028873251
296.9989082346	4.53425927923873e-05	0.00255994154795073	-0.000550304588721942
297.10866392869997	-1.30464703855635e-05	0.00256388521710724	-0.000550835998872615
297.2184196228	-7.13583762155002e-05	0.00256640894218745	-0.000551358158154001
297.3281753169	-0.000129560648436536	0.00256751428693479	-0.00055187170274787
297.437931011	-0.000187614739988277	0.00256720838665959	-0.000552377191807687
297.5476867051	-0.000245487101608745	0.0025654982690461	-0.000552874797778172
297.65744239919997	-0.000303143362006199	0.00256239032860221	-0.000553364629714051
297.7671980933	-0.000360548039337914	0.00255789055115859	-0.000553845940529599
297.8769537874	-0.000417664744578082	0.00255200641775429	-0.000554320653922872
297.9867094815	-0.000474455422538482	0.00254475277277907	-0.00055478765125486
298.0964651756	-0.000530877089338655	0.0025361434094509	-0.000555247100866555
298.20622086969996	-0.000586910569265091	0.00252618444813089	-0.000555700398367992
298.3159765638	-0.000642508512724215	0.00251490068009289	-0.000556147370856462
298.4257322579	-0.000697641992371911	0.00250230192915271	-0.000556588137354597
298.535487952	-0.000752279134233407	0.00248840534706386	-0.000557022669102513
298.64524364609997	-0.000806388706519841	0.00247323018678789	-0.000557451188908923
298.7549993402	-0.000859941229211099	0.0024567948237704	-0.000557873547634887
298.8647550343	-0.00091290773201563	0.00243911788748806	-0.000558290169326507
298.9745107284	-0.000965259637484712	0.00242021919756446	-0.000558701736418888
299.0842664225	-0.00101697099526929	0.00240011459398772	-0.000559109679729173
299.19402211659997	-0.00106800639111487	0.00237882833046879	-0.000559515353364238
299.3037778107	-0.00111835230247718	0.00235637366893028	-0.0005599199293074
299.4135335048	-0.00116796731109547	0.00233278310258185	-0.000560323951796025
299.5232891989	-0.00121683286579331	0.00230807437949834	-0.000560728417626596
299.633044893	-0.00126492370495603	0.00228226373010166	-0.000561133808835957
299.74280058709996	-0.00131224180254688	0.00225541502792284	-0.000561541069190003
299.8525562812	-0.00135869433491212	0.00222744977451621	-0.000561949084391905
299.9623119753	-0.00140432709022697	0.00219849591684908	-0.000562359962457417
300.0720676694	-0.00144909858383114	0.00216854209116593	-0.000562773659076552
300.1818233635	-0.00149299026375307	0.00213761271612786	-0.000563190947548552
300.29157905759996	-0.00153598177047671	0.00210572817238557	-0.000563612111525303
300.4013347517	-0.00157805343743808	0.00207290902826308	-0.000564037458801736
300.5110904458	-0.00161918044722897	0.00203918172250984	-0.000564467233332803
300.6208461399	-0.00165935534311409	0.00200457263179572	-0.000564901401340124
300.73060183399997	-0.00169853086518668	0.00196908571115871	-0.000565340041262017
300.8403575281	-0.00173672063015434	0.00193279010459546	-0.000565783377431645
300.9501132222	-0.00177388613060133	0.0018956716476092	-0.000566231347457592
301.0598689163	-0.0018100159385147	0.00185776937780855	-0.000566683749010744
301.1696246104	-0.00184509252173685	0.00181910657098384	-0.000567139922304801
301.27938030449997	-0.0018791006621992	0.00177971026867233	-0.000567598776156822
301.3891359986	-0.00191202566541146	0.00173960679135105	-0.000568059011903464
301.4988916927	-0.00194385239654105	0.0016988227434887	-0.000568519277934739
301.6086473868	-0.00197456615077606	0.00165738585713577	-0.000568978057330537
301.7184030809	-0.00200415330753482	0.00161532221196645	-0.000569433596229537
301.82815877499996	-0.00203259919432345	0.00157265729781329	-0.000569883965571894
301.9379144691	-0.00205988827002815	0.00152941783613315	-0.000570327282456672
302.0476701632	-0.00208600532277919	0.00148563167399472	-0.000570761818739994
302.1574258573	-0.00211093431283211	0.00144132715635579	-0.000571186030047026
302.2671815514	-0.00213466459546837	0.00139654483870771	-0.000571598628525499
302.37693724549996	-0.00215715966187837	0.001351288845561	-0.000571998827719188
302.4866929396	-0.0021784286142519	0.00130563146745196	-0.000572385905193154
302.5964486337	-0.00219847046129576	0.00125956889983231	-0.000572759345167915
302.7062043278	-0.00221723968853398	0.0012131722801698	-0.000573118930092942
302.81596002189997	-0.0022347505495112	0.00116645348474308	-0.000573464231858366
302.925715716	-0.00225099075520466	0.00111945831872613	-0.000573794694358243
303.0354714101	-0.00226595958534827	0.00107221880250558	-0.000574109986928174
303.1452271042	-0.0022796551402718	0.00102477001617507	-0.00057440968335242
303.2549827983	-0.00229207643148379	0.000977145443971415	-0.000574693541983632
303.36473849239997	-0.00230322116233994	0.000929377356443883	-0.000574961382424727
303.4744941865	-0.00231308847343688	0.000881499816868187	-0.000575213151178658
303.5842498806	-0.00232167688165666	0.000833545065944271	-0.00057544925964847
303.6940055747	-0.00232898805945518	0.000785549237550718	-0.000575670351829444
303.8037612688	-0.00233502384961488	0.000737544747963052	-0.000575877346504172
303.91351696289996	-0.00233977445830416	0.000689551533881124	-0.000576071403253825
304.023272657	-0.0023432746143646	0.000641629902751046	-0.00057625356029939
304.1330283511	-0.00234549968518762	0.000593788989275335	-0.000576424970516444
304.2427840452	-0.00234646199624532	0.000546067587453653	-0.000576587122136322
304.35253973929997	-0.00234616670890604	0.000498495830424084	-0.000576741256213869
304.46229543339996	-0.00234462132230801	0.000451104010880432	-0.000576889056187548
304.5720511275	-0.00234183126822152	0.000403920558327402	-0.000577031973283969
304.6818068216	-0.002337800871107	0.000356975593001619	-0.000577171640039249
304.7915625157	-0.00233253447477551	0.000310301471873018	-0.000577309250992942
304.90131820979997	-0.00232603780918236	0.0002639302133477	-0.000577445566327533
305.0110739039	-0.00231831731739054	0.000217895396164006	-0.000577581661484843
305.120829598	-0.00230938710982745	0.000172240301553965	-0.000577718103443333
305.2305852921	-0.00229923501535128	0.000126970428136188	-0.000577855856958827
305.3403409862	-0.00228790364486044	8.21509956009328e-05	-0.000577995329124141
305.45009668029996	-0.00227538816485563	3.78008633466918e-05	-0.000578136749914345
305.5598523744	-0.00226170433477193	-6.04676840654459e-06	-0.000578280296008495
305.6696080685	-0.00224686763692091	-4.9357276169896e-05	-0.000578425876259254
305.7793637626	-0.0022308987163805	-9.20978025342677e-05	-0.000578573364944954
305.8891194567	-0.00221381825893879	-0.000134239370326272	-0.00057872234835231
305.99887515079996	-0.00219564574977235	-0.000175754633879538	-0.000578872129563324
306.1086308449	-0.0021764013851882	-0.000216617195733065	-0.000579022233754321
306.218386539	-0.00215610432015469	-0.000256802714571449	-0.000579172674366888
306.3281422331	-0.00213477265291623	-0.000296286436962233	-0.000579323200610812
306.43789792719997	-0.00211242328397132	-0.000335044389460665	-0.000579473919025014
306.5476536213	-0.00208907103674384	-0.000373051128479179	-0.000579625095166749
306.6574093154	-0.00206473374962421	-0.000410276643945938	-0.000579777357086272
306.7671650095	-0.0020394301215992	-0.000446692285799416	-0.000579931356992501
306.8769207036	-0.0020131714519844	-0.000482287881267906	-0.00058008799325441
306.98667639769997	-0.00198599964551217	-0.000516994457509533	-0.000580248324607867
307.0964320918	-0.00195792251794025	-0.000550814940577089	-0.000580412915670314
307.2061877859	-0.00192897036815624	-0.000583711961939933	-0.00058058208276307
307.31594348	-0.00189917070463311	-0.000615660036373721	-0.000580756062317073
307.4256991741	-0.0018685542862277	-0.000646636494380804	-0.000580934708884944
307.53545486819996	-0.00183714960237842	-0.000676620959546791	-0.000581118047444182
307.6452105623	-0.00180498541524735	-0.00070559217678066	-0.000581305550374998
307.7549662564	-0.00177209252061628	-0.000733529841844863	-0.000581496863544183
307.8647219505	-0.00173850083697573	-0.000760412946144737	-0.000581692205997218
307.9744776446	-0.00170424222168013	-0.000786222292238094	-0.000581891108146219
308.08423333869996	-0.00166934768757939	-0.00081093896939439	-0.000582093735977953
308.1939890328	-0.00163385256019918	-0.000834546732113557	-0.000582299427786049
308.3037447269	-0.00159779076864713	-0.000857029149705345	-0.000582508168737241
308.413500421	-0.00156119600241916	-0.000878373580694621	-0.000582718905471356
308.52325611509997	-0.00152410497370837	-0.000898567277128335	-0.0005829319382857
308.6330118092	-0.00148655295122135	-0.000917598853165517	-0.00058314594618748
308.7427675033	-0.00144857282710493	-0.000935458773505207	-0.000583360270903294
308.8525231974	-0.00141021397819078	-0.00095213687022551	-0.000583573893162021
308.9622788915	-0.00137145805092951	-0.000967629907868818	-0.00058378541118142
309.07203458559997	-0.00133240589367688	-0.000981926810099472	-0.00058399522139843
309.1817902797	-0.00129305605553068	-0.000995028129353352	-0.000584202451094662
309.2915459738	-0.00125344579165256	-0.00100692423202807	-0.000584407197175974
309.4013016679	-0.00121360742507216	-0.00101761248261529	-0.000584608367144251
309.511057362	-0.00117357149263557	-0.00102709111698743	-0.00058480682830198
309.62081305609996	-0.00113336663167107	-0.00103535840448874	-0.00058500180315825
309.7305687502	-0.00109302172311457	-0.00104241071778002	-0.000585193698714781
309.8403244443	-0.00105256779609619	-0.00104824149281316	-0.000585382678935622
309.9500801384	-0.00101203851374535	-0.00105284642644693	-0.000585569305114536
310.05983583249997	-0.000971467526652132	-0.0010562224891901	-0.000585754146948357
310.16959152659996	-0.000930889995062463	-0.00105836719414684	-0.000585937674297043
310.2793472207	-0.000890343940954541	-0.00105928048863631	-0.000586120586210617
310.3891029148	-0.000849864933571944	-0.00105896304308154	-0.000586303463293866
310.4988586089	-0.000809490809611279	-0.00105741837922281	-0.000586486946123119
310.60861430299997	-0.000769253998423289	-0.00105464935475035	-0.000586671183982059
310.7183699971	-0.000729193261041133	-0.00105066273673141	-0.000586856734502633
310.8281256912	-0.000689347184930744	-0.00104547702416993	-0.000587043787526727
310.9378813853	-0.000649737426110887	-0.00103908149216779	-0.000587233036964959
311.0476370794	-0.000610401142061483	-0.00103149054984688	-0.000587424419507369
311.15739277349996	-0.000571370931248122	-0.00102270926789954	-0.000587617918968625
311.2671484676	-0.000532681649346432	-0.00101274581508152	-0.000587813767655176
311.3769041617	-0.000494366366754352	-0.00100160835166542	-0.000588012707030568
311.4866598558	-0.000456461808233759	-0.000989306615599746	-0.000588215032761618
311.5964155499	-0.000419003010615994	-0.000975853102249661	-0.000588421143869031
311.70617124399996	-0.000382024095919936	-0.0009612611332473	-0.000588631394642426
311.8159269381	-0.000345558600416294	-0.000945543859232223	-0.000588846378533074
311.9256826322	-0.000309639445404941	-0.000928715261301413	-0.000589066885951337
312.0354383263	-0.000274301041301235	-0.000910789853814512	-0.000589293787182344
312.14519402039997	-0.000239577288446919	-0.000891783938875121	-0.000589527568278701
312.2549497145	-0.000205513416806017	-0.000871720476003648	-0.000589768683935696
312.3647054086	-0.000172114652530793	-0.000850598012903223	-0.000590017099340144
312.4744611027	-0.00013944824307272	-0.000828468497372969	-0.000590272634173512
312.5842167968	-0.000107540731228155	-0.000805341216580675	-0.000590534909649388
312.69397249089997	-7.64017424291233e-05	-0.000781249856061257	-0.000590803444279018
312.803728185	-4.6080886205871e-05	-0.000756212314017846	-0.000591077762865629
312.9134838791	-1.65957015284158e-05	-0.000730261665942057	-0.000591357316446682
313.0232395732	1.20275017652172e-05	-0.000703425511030014	-0.000591641858073947
313.1329952673	3.97656680969459e-05	-0.000675731193610925	-0.000591930899500696
313.24275096139996	6.65962733739242e-05	-0.000647208324851809	-0.00059222379272849
313.3525066555	9.24980512353698e-05	-0.00061788381913717	-0.000592520241141509
313.4622623496	0.000117449257038034	-0.000587785567269459	-0.000592820286271876
313.5720180437	0.000141428767504794	-0.000556942043034167	-0.000593123803976342
313.6817737378	0.000164414972073058	-0.000525382414221444	-0.000593430989545707
313.79152943189996	0.00018638988204038	-0.000493138829512678	-0.000593740749148386
313.901285126	0.000207333124845048	-0.000460241228157516	-0.000594052774474217
314.0110408201	0.000227227300610862	-0.000426720988488389	-0.000594366197281982
314.1207965142	0.000246054925858161	-0.000392610565740249	-0.000594680992711796
314.23055220829997	0.000263800058076304	-0.000357942192497353	-0.000594997557975082
314.3403079024	0.000280447550792066	-0.000322748942298876	-0.000595313870725118
314.4500635965	0.000295986373273914	-0.000287065397212046	-0.000595631152755891
314.5598192906	0.000310404814046316	-0.000250921923253733	-0.000595949492843405
314.6695749847	0.000323694032789422	-0.000214357881984584	-0.000596269148780841
314.77933067879997	0.000335821568252873	-0.000177382052567372	-0.000596590419945389
314.8890863729	0.000346814063268934	-0.000140054360104923	-0.000596913605562329
314.998842067	0.000356633561716715	-0.000102395453768507	-0.000597238846514852
315.1085977611	0.000365274413989287	-6.44341213098803e-05	-0.000597566251792587
315.2183534552	0.000372719301878292	-2.62081892539314e-05	-0.000597895862890083
315.32810914929996	0.000378973348384356	1.22570327206682e-05	-0.000598227401329986
315.4378648434	0.000384015159522732	5.09153961712205e-05	-0.000598560528785835
315.5476205375	0.000387842273537796	8.973559224008e-05	-0.000598894839145076
315.6573762316	0.00039044887082752	0.000128679716561085	-0.000599229895381139
315.76713192569997	0.000391833953025878	0.000167707464204058	-0.000599564864295222
315.87688761979996	0.000391991117080377	0.00020677748140197	-0.000599899807708562
315.9866433139	0.000390926421760784	0.000245854502360557	-0.000600235860384202
316.096399008	0.000388642371804526	0.000284899302820995	-0.000600571743084865
316.2061547021	0.000385142661976366	0.000323874203123461	-0.000600907476255518
316.31591039619997	0.000380432350433511	0.000362745222615524	-0.000601243339532488
316.4256660903	0.00037451913476841	0.000401472755002349	-0.000601579463899736
316.5354217844	0.000367406549100161	0.000440028125423894	-0.000601916063282491
316.6451774785	0.000359106397362686	0.000478373422093155	-0.000602253360916651
316.7549331726	0.000349639633696307	0.000516472434471118	-0.000602591518242517
316.86468886669996	0.000338996916806644	0.000554306739841552	-0.000602930868509365
316.9744445608	0.000327193598279965	0.000591841577690464	-0.00060327164488862
317.0842002549	0.00031423655924052	0.00062904655320014	-0.000603613894650039
317.193955949	0.000300141823368038	0.000665893395830589	-0.000603957554767079
317.3037116431	0.000284897577839728	0.000702331418629995	-0.000604302476274123
317.41346733719996	0.000268548890304939	0.000738370268588052	-0.000604648331644741
317.5232230313	0.00025108226021313	0.000773953351132818	-0.000604994852268535
317.6329787254	0.000232510894090229	0.000809062854581681	-0.000605341868112909
317.7427344195	0.000212837220088889	0.000843665020478951	-0.000605689317034001
317.85249011359997	0.000192070085108705	0.00087773226298113	-0.000606037344125546
317.9622458077	0.000170214030766677	0.000911224624997158	-0.000606386237686037
318.0720015018	0.000147279256289876	0.00094410167797584	-0.00060673612759842
318.1817571959	0.000123282943610128	0.000976327277692768	-0.000607087111935692
318.29151289	9.82449287036133e-05	0.00100785543603777	-0.000607439247769421
318.40126858409997	7.21830369907226e-05	0.00103866103851931	-0.000607792471264702
318.5110242782	4.51235857732807e-05	0.00106870334371294	-0.000608146123218211
318.6207799723	1.70954428696012e-05	0.00109794847462934	-0.000608500257452025
318.7305356664	-1.18827469679893e-05	0.00112637044689335	-0.000608854121733461
318.8402913605	-4.17827456782539e-05	0.00115393896174012	-0.000609207875792928
318.95004705459996	-7.25774141955979e-05	0.00118062643552718	-0.000609561540014302
319.0598027487	-0.000104239095803226	0.00120640877175555	-0.000609915165320418
319.1695584428	-0.000136743351757769	0.00123126055480532	-0.000610268746455269
319.2793141369	-0.000170063050919945	0.00125515598434893	-0.000610622421890331
319.389069831	-0.000204172321522672	0.00127806912580468	-0.000610976125435529
319.49882552509996	-0.000239042763321656	0.00129997554730425	-0.000611329801584403
319.6085812192	-0.00027464596177131	0.00132085124593753	-0.000611683375771845
319.7183369133	-0.00031095130635737	0.00134067270269735	-0.000612037131514273
319.8280926074	-0.000347929996524519	0.00135941594693337	-0.000612391278787277
319.93784830149997	-0.000385549037611159	0.00137705964454815	-0.000612746376843527
320.0476039956	-0.000423780188843839	0.00139357812653296	-0.000613102127127582
320.1573596897	-0.000462584886053818	0.00140895255575647	-0.000613459227915804
320.2671153838	-0.000501925001791757	0.00142317656472087	-0.000613817564652106
320.3768710779	-0.000541776641768641	0.00143621222886621	-0.000614176970497572
320.48662677199997	-0.000582099298252689	0.00144804888675415	-0.000614537462925991
320.5963824661	-0.000622857495716868	0.00145866828879699	-0.000614898764397631
320.7061381602	-0.000664012976915321	0.00146805625705851	-0.000615260847206141
320.8158938543	-0.000705529163116816	0.00147620031521703	-0.000615623481006382
320.9256495484	-0.000747367892590996	0.00148308774757075	-0.000615986375117231
321.03540524249996	-0.00078949048536017	0.00148870635479163	-0.000616349243891267
321.1451609366	-0.000831857052194789	0.00149304531700264	-0.000616711865361476
321.2549166307	-0.00087442788259194	0.00149609525635329	-0.000617073961853274
321.3646723248	-0.000917161499460593	0.00149784972365389	-0.000617435400995052
321.47442801889997	-0.000960018297506358	0.00149830184556412	-0.000617795987904035
321.58418371299996	-0.0010029568610473	0.00149744876799616	-0.000618155487829322
321.6939394071	-0.00104593962748554	0.00149528050296009	-0.000618513699138284
321.8036951012	-0.00108891469149029	0.00149181484882712	-0.000618870478235232
321.9134507953	-0.00113185307413496	0.00148703466443851	-0.000619225460316777
322.02320648939997	-0.00117471396891001	0.00148094549419944	-0.000619578198324593
322.1329621835	-0.00121745765712747	0.00147354747643011	-0.00061992803730496
322.2427178776	-0.0012600440241362	0.00146484255097192	-0.000620274599453683
322.3524735717	-0.00130243351128311	0.00145483415253578	-0.00062061731057498
322.4622292658	-0.00134458430231951	0.00144353209446089	-0.000620955231418357
322.57198495989996	-0.00138645900465362	0.0014309260957047	-0.000621288912571091
322.681740654	-0.00142801296155256	0.00141704201201196	-0.000621619448761247
322.7914963481	-0.00146920824243182	0.00140187924537335	-0.000621945482748801
322.9012520422	-0.00151000303449604	0.00138544973357372	-0.000622267109699542
323.0110077363	-0.00155035659825683	0.00136776453206102	-0.000622584095918192
323.12076343039996	-0.00159023011942238	0.00134883789947472	-0.000622896383225791
323.2305191245	-0.00162958254854028	0.00132868603323366	-0.000623204379066467
323.3402748186	-0.00166837441323072	0.00130732620094127	-0.000623508343893939
323.4500305127	-0.00170658525787181	0.0012847616538177	-0.000623808921690326
323.55978620679997	-0.00174414895039869	0.00126104496350671	-0.000624106913377874
323.66954190089996	-0.00178105221992794	0.00123616540916646	-0.000624402917666652
323.779297595	-0.00181725480130613	0.00121015306719069	-0.000624697542920693
323.8890532891	-0.00185272316589335	0.00118302875376949	-0.000624991395044924
323.9988089832	-0.00188742274904206	0.00115481606122806	-0.00062528529039435
324.10856467729997	-0.00192132377410937	0.00112554139466026	-0.00062557849414438
324.2183203714	-0.00195439252405308	0.00109522698430312	-0.000625871261505952
324.3280760655	-0.00198659938308142	0.00106390005332751	-0.00062616349602435
324.4378317596	-0.00201791465168823	0.00103158594973898	-0.000626455027617584
324.5475874537	-0.00204831020646319	0.000998312010335037	-0.00062674571003995
324.65734314779996	-0.00207775882819823	0.000964104029235286	-0.000627035646486836
324.7670988419	-0.00210623303902706	0.0009289906623109	-0.00062732498877645
324.876854536	-0.00213370556266842	0.000892999572538378	-0.000627614421140657
324.9866102301	-0.00216014990561197	0.000856159094175761	-0.000627903340355961
325.0963659242	-0.00218553434212545	0.000818504041596646	-0.000628192918052212
325.20612161829996	-0.00220985325715162	0.000780040205085572	-0.000628482808807302
325.3158773124	-0.00223304258298353	0.000740841626628841	-0.000628773670710797
325.4256330065	-0.00225512001413689	0.000700915251071099	-0.000629064752730527
325.5353887006	-0.00227603396611173	0.000660300438468481	-0.000629356744372607
325.64514439469997	-0.0022957747507455	0.000619033633028582	-0.000629649711019239
325.7549000888	-0.0023143232145974	0.000577151040960913	-0.000629943694482058
325.8646557829	-0.00233166530656293	0.000534688046699887	-0.000630238689877556
325.974411477	-0.00234778507861616	0.000491678521677524	-0.000630534540415264
326.0841671711	-0.00236266575489581	0.000448155603754494	-0.000630831054904634
326.19392286519997	-0.00237628982294166	0.000404154451145926	-0.000631128361959758
326.3036785593	-0.00238864017576272	0.00035971161367338	-0.000631426906902993
326.4134342534	-0.00239970046772383	0.000314867044311287	-0.000631727176499185
326.5231899475	-0.00240945805637006	0.000269662319104237	-0.000632029513506514
326.6329456416	-0.00241790265268469	0.000224137032181192	-0.000632334150678805
326.74270133569996	-0.00242503096195861	0.00017834177262464	-0.000632641140990856
326.8524570298	-0.0024308134333695	0.00013228966064011	-0.000632950584025168
326.9622127239	-0.00243527196977991	8.60507236924833e-05	-0.00063326283329171
327.071968418	-0.00243838936887076	3.9652582859671e-05	-0.000633578265511031
327.18172411209997	-0.00244015900197254	-6.86629740355103e-06	-0.000633897233151556
327.29147980619996	-0.00244057710810281	-5.34643559954809e-05	-0.000634220354925669
327.4012355003	-0.00243964078851104	-0.000100100774344052	-0.000634548421282224
327.5109911944	-0.0024373512901696	-0.000146735444030192	-0.000634881127615256
327.6207468885	-0.0024337096814407	-0.000193324425823157	-0.000635219383238665
327.73050258259997	-0.00242871783956867	-0.000239825841016407	-0.000635562516664804
327.8402582767	-0.00242238145540261	-0.00028619832851514	-0.000635910559608394
327.9500139708	-0.00241470672312009	-0.000332400879727639	-0.000636264107062643
328.0597696649	-0.00240570077075635	-0.000378396610124147	-0.000636622056659164
328.169525359	-0.00239537082864279	-0.000424144137420674	-0.000636984071805661
328.27928105309996	-0.00238372214805531	-0.000469603953626258	-0.00063734933961742
328.3890367472	-0.0023707550029438	-0.000514748942307404	-0.000637717094562596
328.4987924413	-0.0023565071829054	-0.000559513001962251	-0.000638087638135812
328.6085481354	-0.00234096553594807	-0.000603879384657482	-0.000638460205398278
328.7183038295	-0.00232415436538557	-0.000647804377181027	-0.000638834689224687
328.82805952359996	-0.00230608513926438	-0.000691252356250216	-0.000639210628327199
328.9378152177	-0.0022867740310129	-0.000734187792897617	-0.000639587451116723
329.0475709118	-0.00226623587372233	-0.000776574737290444	-0.000639964649545797
329.1573266059	-0.00224448696795594	-0.000818376321840735	-0.000640342104710305
329.26708229999997	-0.00222154643026924	-0.000859556245567388	-0.000640719673863099
329.37683799409996	-0.00219743398155171	-0.000900079913232095	-0.000641097199194967
329.4865936882	-0.002172171514734	-0.000939911839895327	-0.000641474610813067
329.5963493823	-0.0021457818019286	-0.000979021583991878	-0.000641851709365904
329.7061050764	-0.00211829252299948	-0.00101737049450815	-0.000642228269926318
329.81586077049997	-0.0020897069732096	-0.00105495011174481	-0.000642603680419096
329.9256164646	-0.00206008463226075	-0.00109170005318104	-0.000642977420167132
330.0353721587	-0.00202942443311371	-0.00112760305711951	-0.000643349126011651
330.1451278528	-0.00199777025217605	-0.00116264499861086	-0.000643718479394655
330.2548835469	-0.00196511627129955	-0.00119676590707764	-0.000644085194506413
330.36463924099996	-0.00193152680472987	-0.00122997610012722	-0.000644448859176835
330.4743949351	-0.00189701279207401	-0.00126222727978122	-0.000644809244461023
330.5841506292	-0.00186160676584197	-0.00129349867474536	-0.000645165815055078
330.6939063233	-0.0018253401229811	-0.00132376641604132	-0.000645517980346718
330.8036620174	-0.00178824407600285	-0.0013530084866417	-0.000645865343412672
330.91341771149996	-0.00175035025939215	-0.00138120401909847	-0.000646207481989252
331.0231734056	-0.00171169032657402	-0.00140833317654014	-0.000646544233049375
331.1329290997	-0.00167229688159499	-0.00143437830719326	-0.000646875810219606
331.2426847938	-0.00163220062989742	-0.00145932364486691	-0.000647202638094503
331.35244048789997	-0.00159143061002362	-0.00148315284267183	-0.000647525652445985
331.462196182	-0.00155001600267207	-0.00150584747965374	-0.000647845544800447
331.5719518761	-0.00150798897700551	-0.00152738867280065	-0.000648163317196816
331.6817075702	-0.00146538435707928	-0.00154776047584346	-0.000648479803625733
331.7914632643	-0.00142223757211347	-0.00156694707350237	-0.000648795506667979
331.90121895839997	-0.0013785743935804	-0.00158493366154442	-0.000649111052417307
332.0109746525	-0.00133444798519383	-0.00160172124391089	-0.000649426816058148
332.1207303466	-0.00128986949381264	-0.00161728708478769	-0.000649742898694794
332.2304860407	-0.00124489254661868	-0.00163161546189982	-0.000650059481100756
332.3402417348	-0.00119953144813436	-0.00164470682256366	-0.000650376540280882
332.44999742889996	-0.00115382824107984	-0.00165654731665188	-0.000650694095495316
332.559753123	-0.00110781397923307	-0.00166712891758691	-0.000651012141946336
332.6695088171	-0.00106152358717428	-0.00167644317516648	-0.000651330921444659
332.7792645112	-0.00101499416688811	-0.00168448121853843	-0.000651650282845474
332.88902020529997	-0.000968263020912175	-0.00169123647906676	-0.000651970351192338
332.99877589939996	-0.000921366408437333	-0.00169670292634817	-0.000652291124077688
333.1085315935	-0.000874345920796455	-0.0017008751840919	-0.000652613251915737
333.2182872876	-0.000827237417454389	-0.00170375133923086	-0.000652937300223197
333.3280429817	-0.000780081616549898	-0.00170533240474432	-0.00065326376033673
333.43779867579997	-0.00073291617227447	-0.00170561962570779	-0.000653593056516965
333.5475543699	-0.000685765169492361	-0.0017046047388185	-0.000653925761617396
333.657310064	-0.000638690996122366	-0.00170232474710789	-0.000654262438180814
333.7670657581	-0.000591705918399567	-0.0016987556561111	-0.000654603576332434
333.8768214522	-0.00054484875839802	-0.00169391150609289	-0.00065494949898248
333.98657714629996	-0.000498151615198278	-0.00168779702427107	-0.000655300306997257
334.0963328404	-0.000451645847716014	-0.00168041938891384	-0.000655656068438134
334.2060885345	-0.000405363082811616	-0.00167178549106854	-0.000656017023776315
334.3158442286	-0.000359335289064964	-0.00166190048483287	-0.0006563830935131
334.4255999227	-0.000313594204796027	-0.00165077002642695	-0.000656754260148825
334.53535561679996	-0.00026817496335796	-0.0016383983941897	-0.000657130391718448
334.6451113109	-0.000223109920035395	-0.00162479195057138	-0.000657511346822819
334.754867005	-0.000178442720491101	-0.00160996308409344	-0.000657896825699854
334.8646226991	-0.000134186548272729	-0.00159390202393081	-0.000658286310132258
334.97437839319997	-9.04067357363438e-05	-0.00157665312430213	-0.000658679074305639
335.08413408729996	-4.71231591095254e-05	-0.00155821050782514	-0.000659074030195351
335.1938897814	-4.36893375984408e-06	-0.0015385870983084	-0.000659470488380113
335.3036454755	3.78207341289437e-05	-0.00151780269238228	-0.000659867511720294
335.4134011696	7.94113956730922e-05	-0.00149587189401966	-0.000660263999923868
335.52315686369997	0.000120374520740014	-0.00147281950276881	-0.000660659139931487
335.6329125578	0.000160672665425596	-0.00144865110914674	-0.000661051324941273
335.7426682519	0.000200282034717585	-0.00142339910773193	-0.000661441909589039
335.852423946	0.000239164077541898	-0.00139707374061456	-0.000661830193745043
335.9621796401	0.00027729282105297	-0.0013696997165005	-0.00066221564815706
336.07193533419996	0.000314635498599388	-0.001341295353362	-0.000662597956500554
336.1816910283	0.000351161585924968	-0.00131188178581454	-0.000662976362680806
336.2914467224	0.000386840276059216	-0.00128147857335581	-0.000663349948203275
336.4012024165	0.000421639244002643	-0.00125011306575712	-0.000663717978343627
336.5109581106	0.000455519192631869	-0.00121781926729986	-0.000664080194938851
336.62071380469996	0.000488483189495321	-0.0011846011404907	-0.000664435156367765
336.7304694988	0.000520468713245564	-0.0011505206278005	-0.000664781328871985
336.8402251929	0.00055146609726177	-0.00111558373965604	-0.00066511746223331
336.949980887	0.000581447097064022	-0.0010798257848767	-0.000665442431197426
337.05973658109997	0.000610388582387999	-0.00104328055837849	-0.000665755550068614
337.1694922752	0.000638271189594455	-0.00100598328464036	-0.000666056464083246
337.2792479693	0.000665076356612854	-0.000967966698188841	-0.000666345312653534
337.3890036634	0.00069078620067573	-0.000929261973578083	-0.000666622608558222
337.4987593575	0.000715383804219317	-0.000889902795561743	-0.000666888444761993
337.60851505159997	0.000738854656846261	-0.000849917961376974	-0.000667143911533583
337.7182707457	0.00076118130850843	-0.000809339670441389	-0.000667389595909047
337.8280264398	0.000782347708451401	-0.000768200928729165	-0.000667626355492603
337.9377821339	0.000802320729966927	-0.000726518372998278	-0.000667855092538153
338.047537828	0.00082112035030899	-0.000684359458543	-0.000668076563352525
338.15729352209996	0.000838703530925366	-0.000641737194141035	-0.000668291729803725
338.2670492162	0.000855070602473315	-0.000598693711389756	-0.00066850110045217
338.3768049103	0.000870209469761412	-0.000555259494859063	-0.00066870593983179
338.4865606044	0.000884110268426176	-0.00051147207826097	-0.000668906331903547
338.59631629849997	0.000896766957434016	-0.00046736559265485	-0.000669102872949428
338.70607199259996	0.000908171054277004	-0.000422975045866208	-0.000669295686778623
338.8158276867	0.000918315193907243	-0.000378334740509969	-0.000669484687132051
338.9255833808	0.000927193774170612	-0.000333479143811368	-0.000669669973718547
339.0353390749	0.000934794512093018	-0.00028844628252771	-0.00066985157117044
339.14509476899997	0.000941123459519471	-0.000243265086663841	-0.000670029493720055
339.2548504631	0.000946164517831037	-0.000197978274285131	-0.000670203800450534
339.3646061572	0.000949911149136231	-0.000152615444120132	-0.000670374371337826
339.4743618513	0.000952376017708949	-0.000107223191604973	-0.000670541114109351
339.5841175454	0.000953545334162207	-6.18342315475309e-05	-0.000670704161695051
339.69387323949996	0.000953419698386784	-1.64860708704086e-05	-0.000670863927011787
339.8036289336	0.000952003606535886	2.87852136698844e-05	-0.000671020638020165
339.9133846277	0.00094929220456451	7.39334315318525e-05	-0.000671174813556489
340.0231403218	0.000945295018947931	0.000118927342308676	-0.000671326432658859
340.1328960159	0.000940018969928795	0.00016372728304702	-0.000671476337188104
340.24265170999996	0.000933468901221378	0.000208293796094879	-0.00067162461071929
340.3524074041	0.000925647269028294	0.000252583429754633	-0.000671771670797061
340.4621630982	0.00091657100145961	0.000296564693218604	-0.000671917946648905
340.5719187923	0.000906247248935173	0.000340191861839113	-0.000672063912701323
340.68167448639997	0.000894689077518425	0.000383428904995833	-0.000672210203195958
340.79143018049996	0.000881910933950356	0.000426236362862238	-0.000672357216103046
340.9011858746	0.000867927619411743	0.000468574780296309	-0.000672505365081373
341.0109415687	0.000852747654902615	0.000510427392772417	-0.000672654808724917
341.1206972628	0.000836408935849528	0.000551720941196152	-0.000672805771095399
341.23045295689997	0.000818912926109378	0.00059245311912121	-0.00067295816786199
341.340208651	0.000800283143831884	0.000632580257196918	-0.000673111262814505
341.4499643451	0.000780535124699947	0.000672068359366214	-0.000673265116410895
341.5597200392	0.00075969609989237	0.000710883218389764	-0.000673419955442135
341.6694757333	0.000737792741993152	0.000748997893692583	-0.000673576073483252
341.77923142739996	0.000714845632103681	0.000786385410599194	-0.00067373356074985
341.8889871215	0.000690880734920621	0.00082301636047175	-0.000673892899492314
341.9987428156	0.000665920969609514	0.000858865656700709	-0.000674054940357617
342.1084985097	0.000639987350579592	0.000893908312173543	-0.00067421991847965
342.2182542038	0.000613109281281689	0.000928117089408222	-0.000674389620714133
342.32800989789996	0.000585305139702601	0.000961470301427592	-0.000674563315981526
342.437765592	0.000556603865805704	0.000993936047505839	-0.000674740856490971
342.5475212861	0.000527009033999	0.0010255126280159	-0.000674921287354343
342.6572769802	0.000496581158282536	0.00105613970010727	-0.000675103261537759
342.76703267429997	0.000465318639990424	0.00108581205491746	-0.000675285052806135
342.87678836839996	0.000433254751638552	0.00111450033373897	-0.000675465312572315
342.9865440625	0.000400420239910225	0.0011421787555202	-0.000675643019858697
343.0962997566	0.000366845629295129	0.00116882358196933	-0.00067581731637884
343.2060554507	0.000332565660506861	0.00119441487740126	-0.00067598791294502
343.31581114479997	0.000297614196787816	0.00121893592269496	-0.000676154966038436
343.4255668389	0.00026202096258144	0.00124236944909259	-0.000676318580444662
343.535322533	0.000225822446956234	0.00126470195929685	-0.000676478881728656
343.6450782271	0.000189027365909584	0.00128589423491875	-0.000676635932873188
343.7548339212	0.000151699666478903	0.00130596384950837	-0.000676789841708299
343.86458961529996	0.000113855398162035	0.00132487288555125	-0.000676940490317199
343.9743453094	7.55273573307771e-05	0.00134260680384886	-0.000677087636532753
344.0841010035	3.67522261233073e-05	0.00135914808116459	-0.000677231108535319
344.1938566976	-2.43609243409762e-06	0.00137448232942117	-0.000677370105317895
344.30361239169997	-4.20010225906029e-05	0.00138859422589638	-0.000677504109933948
344.41336808579996	-8.19045973856908e-05	0.00140146993524363	-0.000677632677517861
344.5231237799	-0.000122108012794757	0.00141309958955415	-0.000677755931894787
344.632879474	-0.000162573314403721	0.00142347324795673	-0.000677873916979858
344.7426351681	-0.000203262486180684	0.00143258331241804	-0.000677986483173858
344.85239086219997	-0.00024413716675227	0.001440420939476	-0.000678093461576448
344.9621465563	-0.000285159971999678	0.00144697810830194	-0.00067819471583301
345.0719022504	-0.000326287455712473	0.00145224974626107	-0.000678291118669084
345.1816579445	-0.000367480754238865	0.00145623344986634	-0.00067838327216597
345.2914136386	-0.000408697489473197	0.00145892967936722	-0.000678471791760935
345.40116933269996	-0.000449896897169306	0.00146033634887185	-0.000678557736884599
345.5109250268	-0.000491054699627614	0.00146043720351564	-0.000678641978129342
345.6206807209	-0.000532100293693525	0.00145926746467594	-0.000678725703346819
345.730436415	-0.000573014116019338	0.00145679984480283	-0.000678810098878428
345.8401921091	-0.000613747805541885	0.00145304711778688	-0.000678896395973492
345.94994780319996	-0.00065426051046603	0.00144801316742406	-0.000678985271721974
346.0597034973	-0.000694507393616912	0.00144170640690717	-0.000679077966101365
346.1694591914	-0.000734446786328428	0.00143413599752604	-0.000679175764902499
346.2792148855	-0.000774037251316498	0.00142531169437982	-0.000679279676825097
346.38897057959997	-0.000813236235552416	0.00141524432878697	-0.000679390567272002
346.49872627369996	-0.000852002061767883	0.00140394770308893	-0.0006795088861131
346.6084819678	-0.000890294305682037	0.00139143721977531	-0.000679634664998232
346.7182376619	-0.000928072412519771	0.00137772959709958	-0.000679767633184198
346.827993356	-0.000965299926583541	0.00136284044865522	-0.000679907630945899
346.93774905009997	-0.00100192820010387	0.00134679044787111	-0.000680054405735347
347.0475047442	-0.00103793867335806	0.00132957894769298	-0.000680207579520845
347.1572604383	-0.00107325908087045	0.00131126236335367	-0.000680366853632392
347.2670161324	-0.00110786613605755	0.00129184362187977	-0.000680531789472512
347.3767718265	-0.00114172418506126	0.00127135319267283	-0.000680701854330455
347.48652752059996	-0.00117479547678585	0.00124981818175383	-0.000680876493118555
347.5962832147	-0.00120704441368747	0.00122726971878478	-0.000681055016338061
347.7060389088	-0.00123843975316515	0.00120374014001836	-0.000681236976691613
347.8157946029	-0.00126895249217599	0.00117926265324614	-0.000681421826984362
347.925550297	-0.00129855507744648	0.00115387008555963	-0.000681608976957677
348.03530599109996	-0.00132721995571523	0.00112759344137878	-0.000681798025854031
348.1450616852	-0.00135491855317918	0.00110046585771291	-0.000681988866387519
348.2548173793	-0.00138162398923964	0.00107252247587799	-0.000682181648925975
348.3645730734	-0.00140731125484732	0.00104379980969096	-0.000682376393983001
348.47432876749997	-0.00143195846283313	0.00101433419883981	-0.000682573260705747
348.58408446159996	-0.00145554525457306	0.00098416234877119	-0.000682772160314948
348.6938401557	-0.00147805158727211	0.000953320807599619	-0.000682972676529938
348.8035958498	-0.00149945875756465	0.000921847226590712	-0.000683174334518011
348.9133515439	-0.0015197486455686	0.000889778868248017	-0.000683376432586177
349.02310723799997	-0.0015389063904895	0.000857155121302003	-0.000683577414235594
349.1328629321	-0.00155691589080421	0.000824014939773711	-0.000683776270390162
349.2426186262	-0.00157377199998657	0.000790397430968794	-0.000683972260167237
349.3523743203	-0.0015894387023902	0.000756325299865409	-0.000684164548663759
349.4621300144	-0.00160394742210979	0.000721862714389635	-0.000684352383116727
349.57188570849996	-0.0016172505167891	0.000687042821937653	-0.000684535062978587
349.6816414026	-0.00162936258523122	0.000651890032237793	-0.000684712504675045
349.7913970967	-0.00164026983831454	0.000616447749074748	-0.000684884613878471
349.9011527908	-0.00164996801885701	0.000580751002517058	-0.000685051825801085
350.01090848489997	-0.00165844948397038	0.000544838746127611	-0.000685214831299403
350.12066417899996	-0.00166571191798905	0.000508751288842817	-0.000685373901575571
350.2304198731	-0.00167175322082092	0.000472529960913158	-0.000685529246849697
350.3401755672	-0.00167657274284819	0.000436212324561153	-0.000685681076467726
350.4499312613	-0.00168017034227706	0.000399838078457014	-0.000685829617900109
350.55968695539997	-0.00168254842665676	0.000363445835203977	-0.000685974946789831
350.6694426495	-0.00168371105169844	0.000327073289344291	-0.00068611708531869
350.7791983436	-0.0016836618247533	0.000290756612926635	-0.000686256462971247
350.8889540377	-0.00168240369233033	0.00025452993231111	-0.000686393452643214
350.9987097318	-0.00167994347075286	0.000218434713537318	-0.00068652876390086
351.10846542589996	-0.00167626243557694	0.000182483985913492	-0.000686663310851205
351.21822112	-0.0016714010868875	0.000146753044736478	-0.000686797587561995
351.3279768141	-0.00166534009014284	0.000111261048372756	-0.000686932034842533
351.4377325082	-0.00165809412057245	7.60483442093695e-05	-0.000687067534825061
351.5474882023	-0.0016496732570783	4.11554748446074e-05	-0.000687204769669577
351.65724389639996	-0.00164008977213015	6.6208061118471e-06	-0.00068734435585705
351.7669995905	-0.0016293576511947	-2.751775421496e-05	-0.000687486860403012
351.8767552846	-0.00161749201606695	-6.12215955065995e-05	-0.00068763262153266
351.9865109787	-0.00160450984872111	-9.44525727499494e-05	-0.000687781855646102
352.09626667279997	-0.00159043003070342	-0.000127173822831105	-0.000687934507240385
352.20602236689996	-0.00157527258874543	-0.000159351062085052	-0.000688090623779498
352.315778061	-0.00155905546576341	-0.000190951175517018	-0.000688250954068241
352.4255337551	-0.00154180089068684	-0.000221939861947447	-0.000688415203123419
352.5352894492	-0.0015235305392019	-0.000252283904819762	-0.000688583641149501
352.64504514329997	-0.00150426695342848	-0.000281948789720333	-0.000688756527473597
352.7548008374	-0.0014840350157603	-0.00031090024978778	-0.000688934206022608
352.8645565315	-0.00146285825650458	-0.000339098208831524	-0.000689117110730487
352.9743122256	-0.00144077802991529	-0.000366530666710859	-0.000689305926096031
353.0840679197	-0.00141780994786819	-0.00039315326608823	-0.000689501208620033
353.19382361379996	-0.00139400209289716	-0.000418927964671657	-0.000689703497050732
353.3035793079	-0.00136936259484394	-0.000443868299364996	-0.00068991292355854
353.413335002	-0.00134395790000559	-0.000467915461390231	-0.000690129610439721
353.5230906961	-0.00131779926391837	-0.000491069807115264	-0.000690353437115712
353.6328463902	-0.00129092072605945	-0.000513312952349455	-0.000690584183152007
353.74260208429996	-0.00126335197331685	-0.000534627718838162	-0.000690821712644469
353.8523577784	-0.00123512183897655	-0.000554997586037917	-0.00069106595068116
353.9621134725	-0.00120625946053373	-0.000574404843531992	-0.000691316031826868
354.0718691666	-0.00117679589885523	-0.000592831212208409	-0.000691572183944074
354.18162486069997	-0.00114676178991891	-0.000610260357974489	-0.000691833196018902
354.29138055479996	-0.00111618980399954	-0.000626677296978832	-0.000692098891850897
354.4011362489	-0.00108511204696352	-0.000642069377439569	-0.000692368893396249
354.510891943	-0.00105356046877115	-0.000656424048728137	-0.000692643413795219
354.6206476371	-0.0010215652886331	-0.000669728898783819	-0.000692923373124537
354.73040333119997	-0.00098915721854148	-0.000681971483998651	-0.000693209054134499
354.8401590253	-0.00095636790338641	-0.000693138859780561	-0.000693500768509618
354.9499147194	-0.000923230597506418	-0.00070322024643069	-0.000693798893439824
355.0596704135	-0.000889778569264215	-0.000712205464708143	-0.000694103923992847
355.1694261076	-0.000856044361595319	-0.000720083002673016	-0.000694416127946845
355.27918180169996	-0.000822064650887418	-0.00072684552265297	-0.000694735774344091
355.3889374958	-0.000787868413218448	-0.000732479424564405	-0.000695062652160539
355.4986931899	-0.000753503643453101	-0.00073698646069491	-0.000695396565903957
355.608448884	-0.000718988977607142	-0.000740345564734373	-0.000695737216653318
355.71820457809997	-0.000684376113074049	-0.000742561567763138	-0.000696084346846845
355.82796027219996	-0.000649698508474726	-0.000743626872860254	-0.000696437121443585
355.9377159663	-0.000614994108533665	-0.000743538574029361	-0.000696795107937659
356.0474716604	-0.000580302384954871	-0.000742296968115938	-0.000697157475729568
356.1572273545	-0.000545661045904501	-0.000739903960833523	-0.000697523394901453
356.26698304859997	-0.000511107814074584	-0.000736361503750767	-0.000697892161068691
356.37673874269996	-0.000476681969872444	-0.000731672555908224	-0.000698263123222021
356.4864944368	-0.0004424226172399	-0.000725842436867087	-0.000698635985320826
356.5962501309	-0.000408367875905234	-0.000718878097924255	-0.000699009217240699
356.706005825	-0.000374556552828624	-0.0007107893273904	-0.000699381964640234
356.81576151909996	-0.000341024233337236	-0.000701585819221567	-0.000699753241136477
356.9255172132	-0.000307807698095322	-0.000691280041311958	-0.000700122082867986
357.0352729073	-0.000274942457106025	-0.000679884076547695	-0.000700487836915565
357.1450286014	-0.000242460895462426	-0.000667410988188456	-0.000700849958244589
357.2547842955	-0.000210406711825287	-0.000653878794792983	-0.000701207959433309
357.36453998959996	-0.000178786896618365	-0.000639279212185233	-0.000701561506756725
357.4742956837	-0.000147669205963044	-0.000623657267998503	-0.000701910430580917
357.5840513778	-0.000117075952989226	-0.000607017009212432	-0.00070225467662995
357.6938070719	-8.70381950655189e-05	-0.000589375938165661	-0.000702593914963672
357.80356276599997	-5.75917328407978e-05	-0.000570756941520829	-0.000702927835927966
357.91331846009996	-2.87695077233635e-05	-0.000551184765325965	-0.000703256262040702
358.0230741542	-5.99822047918838e-07	-0.000530686028237415	-0.000703578953776053
358.1328298483	2.68905293762432e-05	-0.000509286650957116	-0.000703895769577803
358.2425855424	5.36770417663075e-05	-0.00048701389064914	-0.00070420687626564
358.35234123649997	7.97375996703022e-05	-0.000463892294511813	-0.000704512674723831
358.4620969306	0.000105051197491932	-0.000439946337224156	-0.000704813664347492
358.5718526247	0.000129596415072402	-0.000415198469023953	-0.000705110432899404
358.6816083188	0.00015334892336047	-0.0003896705899524	-0.000705403335412282
358.7913640129	0.000176284971012714	-0.000363387112141082	-0.000705692780684146
358.90111970699996	0.00019837985479512	-0.000336374807083637	-0.000705978979007094
359.0108754011	0.000219610343432358	-0.000308660809652747	-0.000706261930948529
359.1206310952	0.000239953991093684	-0.000280273462593506	-0.000706541489146782
359.2303867893	0.000259389305041074	-0.00025124112195591	-0.000706817750608705
359.3401424834	0.000277888882105911	-0.000221590275861826	-0.000707090881465405
359.44989817749996	0.000295453596235267	-0.000191366568700405	-0.000707360085212341
359.5596538716	0.000312039959454893	-0.000160583782096996	-0.00070762570049472
359.6694095657	0.000327644895128229	-0.000129285808639114	-0.000707887229068263
359.7791652598	0.000342243805932096	-9.75029603524578e-05	-0.000708144851563648
359.88892095389997	0.000355827050657729	-6.52676680210358e-05	-0.000708398649988564
359.99867664799996	0.000368377651406752	-3.26182743977186e-05	-0.000708648472699229
360.1084323421	0.000379880926627987	4.10901715022736e-07	-0.000708894439781935
360.2181880362	0.00039034678573801	3.38042045089512e-05	-0.000709135926567803
360.3279437303	0.000399731384326555	6.74897369312189e-05	-0.000709373011566355
360.43769942439997	0.000408047279842271	0.000101461638936978	-0.00070960519198872
360.5474551185	0.000415280084767007	0.000135673858817686	-0.000709832665003443
360.6572108126	0.000421422818984652	0.000170091204755921	-0.000710055954999347
360.7669665067	0.000426469926174094	0.000204673189246448	-0.00071027564680246
360.8767222008	0.000430417526549705	0.000239381339067705	-0.000710492573805619
360.98647789489996	0.000433263969278897	0.000274176356402519	-0.00071070758700765
361.096233589	0.000435010030875017	0.000309019523611197	-0.000710921547179932
361.2059892831	0.000435656747390795	0.000343875669131411	-0.000711134754631666
361.3157449772	0.000435204674888519	0.000378707547195221	-0.000711347276366436
361.4255006713	0.000433653715284863	0.000413479617399332	-0.000711558948364609
361.53525636539996	0.000431021404588825	0.000448138333056762	-0.000711769501713697
361.6450120595	0.000427286215353247	0.000482678267894287	-0.000711978879227814
361.7547677536	0.000422494090243277	0.000517026383563705	-0.000712186979829618
361.8645234477	0.000416635274487512	0.000551164841470437	-0.000712393628313363
361.97427914179997	0.000409727185963192	0.000585057793787421	-0.000712598791053878
362.08403483589996	0.000401783042199885	0.000618675260018646	-0.000712802377436569
362.19379053	0.000392815976064557	0.000651988099263591	-0.000713003892686836
362.3035462241	0.00038283794523637	0.000684966743476318	-0.000713202998646258
362.4133019182	0.000371861215267044	0.000717580582989543	-0.000713399506849977
362.52305761229997	0.000359899441257253	0.000749797198885079	-0.000713593388494316
362.6328133064	0.000346967404160994	0.000781587246799921	-0.000713784775061384
362.7425690005	0.000333081227847977	0.00081291965697496	-0.000713974066195588
362.8523246946	0.000318259180562219	0.000843764985082015	-0.000714161290174713
362.9620803887	0.000302519959825242	0.00087409536159886	-0.000714346729622642
363.07183608279996	0.000285891984770366	0.000903888432331558	-0.000714530598239171
363.1815917769	0.000268366217414432	0.000933096376931929	-0.000714713145341316
363.291347471	0.000249997908291729	0.000961728050125964	-0.000714894696251851
363.4011031651	0.00023079510571919	0.000989730684012932	-0.000715075865339385
363.51085885919997	0.000210755785743305	0.00101710943394567	-0.000715257098858919
363.62061455329996	0.000189934064980482	0.00104381326627531	-0.000715438754957103
363.7303702474	0.000168334280919235	0.00106982925441756	-0.000715621068140734
363.8401259415	0.000145976473412249	0.0010951368426816	-0.000715804312845567
363.9498816356	0.000122885759171703	0.00111971279704375	-0.000715988687365842
364.05963732969997	9.90854209652727e-05	0.00114353699499385	-0.000716174355729121
364.1693930238	7.45995344670817e-05	0.00116658988644817	-0.000716361556339347
364.2791487179	4.94527783591338e-05	0.00118885200370254	-0.000716550521990375
364.388904412	2.36682707741917e-05	0.00121030382743377	-0.000716741544254022
364.4986601061	-2.72944812480821e-06	0.00123092601399	-0.000716934907156019
364.60841580019996	-2.97143664647624e-05	0.0012507001769727	-0.000717130864340309
364.7181714943	-5.72602902807637e-05	0.0012696086144117	-0.000717329559850546
364.8279271884	-8.53408252712819e-05	0.00128763500090519	-0.000717531068397014
364.9376828825	-0.000113928302099403	0.00130476314422203	-0.000717735335251095
365.0474385766	-0.000142992690035107	0.00132097845982733	-0.000717941914996402
365.15719427069996	-0.00017250825784474	0.0013362623313685	-0.0007181511044624
365.2669499648	-0.000202441549955083	0.00135060416973769	-0.000718362871625802
365.3767056589	-0.000232763226632205	0.00136399183494734	-0.000718577353467585
365.486461353	-0.000263442429270097	0.0013764143863004	-0.000718794832287065
365.59621704709997	-0.000294448991859625	0.00138786249280756	-0.000719015716621838
365.70597274119996	-0.000325753940241406	0.00139832732125439	-0.000719240290692427
365.8157284353	-0.000357327109551239	0.00140780068608284	-0.000719468728820335
365.9254841294	-0.000389140122900844	0.00141627138161868	-0.000719701027297521
366.0352398235	-0.0004211521386949	0.00142374228427603	-0.000719936909832316
366.14499551759997	-0.000453357814238723	0.00143017999390795	-0.000720175940608532
366.2547512117	-0.00048569057748032	0.00143561606284752	-0.000720417505218766
366.3645069058	-0.000518140136505099	0.00144001538007368	-0.000720661064968698
366.4742625999	-0.000550666695524167	0.00144338496556283	-0.000720906208755896
366.584018294	-0.000583238990468295	0.0014457218343825	-0.000721152536056009
366.69377398809996	-0.000615823896973985	0.0014470257341756	-0.000721399621794807
366.8035296822	-0.0006483888631626	0.00144729653580688	-0.000721647106797924
366.9132853763	-0.000680901416339181	0.00144653408323222	-0.000721894687960474
367.0230410704	-0.000713329249617843	0.00144473974023731	-0.000722142215782581
367.1327967645	-0.00074563844107621	0.0014419154405271	-0.000722389503710663
367.24255245859996	-0.000777795063261383	0.00143806498000282	-0.00072263652072611
367.3523081527	-0.000809765820011152	0.00143319307167278	-0.000722883124218348
367.4620638468	-0.000841517805431072	0.00142730576491277	-0.000723129188376534
367.5718195409	-0.000873017684152505	0.00142041030210446	-0.000723374499582015
367.68157523499997	-0.000904231851469276	0.00141251461052233	-0.000723618843217614
367.79133092909996	-0.000935128629479095	0.00140362754834495	-0.000723862112306786
367.9010866232	-0.000965676771350206	0.00139375687948578	-0.000724104539690796
368.0108423173	-0.000995835630552453	0.00138291545051451	-0.000724346314137517
368.1205980114	-0.00102558281873005	0.00137111182038363	-0.000724587729957979
368.23035370549997	-0.00105487904928918	0.00135836317510046	-0.000724829016801873
368.3401093996	-0.00108369177270675	0.00134468743615675	-0.000725070674663762
368.4498650937	-0.00111199268249083	0.00133009805651303	-0.000725312990928499
368.5596207878	-0.00113975181714442	0.00131461383192131	-0.000725556207007074
368.6693764819	-0.00116694098042479	0.00129825466846283	-0.000725800601310641
368.77913217599996	-0.00119353253924647	0.00128104192780345	-0.000726046240821287
368.8888878701	-0.00121949994599123	0.00126299563317702	-0.000726293541372325
368.9986435642	-0.00124481708494197	0.0012441379822005	-0.000726542455827519
369.1083992583	-0.00126945819370332	0.00122449003687711	-0.000726793429047668
369.21815495239997	-0.00129340078769282	0.00120407582550245	-0.000727046451669929
369.32791064649996	-0.00131662145665332	0.00118291725330115	-0.000727301301898802
369.4376663406	-0.00133909766187198	0.0011610385266566	-0.000727559219006427
369.5474220347	-0.00136080662379392	0.00113846326104938	-0.000727820445199062
369.6571777288	-0.00138172634834944	0.00111521599648874	-0.000728085330069071
369.76693342289997	-0.00140183311969852	0.00109132256424908	-0.000728354309958822
369.876689117	-0.00142110538962537	0.00106681095738471	-0.000728627727124637
369.9864448111	-0.00143952272004791	0.00104171064106586	-0.000728905831748238
370.0962005052	-0.00145706641863585	0.00101605251055904	-0.000729188872474327
370.2059561993	-0.00147372048330312	0.000989869055675483	-0.000729476587197004
370.31571189339996	-0.00148947005260522	0.000963191302709439	-0.000729768855355049
370.4254675875	-0.00150430258741634	0.000936050444703863	-0.000730065113347805
370.5352232816	-0.00151820622717349	0.000908477080574285	-0.00073036478215111
370.6449789757	-0.00153116769046271	0.000880500864188092	-0.00073066710566228
370.7547346698	-0.00154318016357632	0.000852150880799182	-0.000730971471276351
370.86449036389996	-0.0015542222565426	0.000823461624122716	-0.000731277308270248
370.974246058	-0.00156430366357096	0.000794474357614624	-0.000731584016100188
371.0840017521	-0.00157337988901454	0.000765192719058529	-0.000731891032677676
371.1937574462	-0.00158149892012386	0.000735663866809946	-0.000732197699489469
371.30351314029997	-0.00158860016359597	0.000705939589507937	-0.000732503473747035
371.41326883439996	-0.0015947052679478	0.000676025673385002	-0.00073280796611163
371.5230245285	-0.00159980245405665	0.000645965235101775	-0.000733110802012785
371.6327802226	-0.00160389098465948	0.000615790704564012	-0.000733411619570929
371.7425359167	-0.00160696905718834	0.000585536567125834	-0.000733710038596904
371.85229161079997	-0.00160903655539001	0.000555236695802259	-0.00073400563939281
371.9620473049	-0.0016100948505643	0.000524924134635608	-0.000734298022120034
372.071802999	-0.00161014601423348	0.000494631169176977	-0.000734586834882758
372.1815586931	-0.00160919275253568	0.000464389196727682	-0.000734871882731758
372.2913143872	-0.00160723843221263	0.000434229714324714	-0.000735152675968832
372.40107008129996	-0.00160428749357617	0.000404185202597281	-0.000735428918407277
372.5108257754	-0.00160034520970186	0.000374287829828462	-0.000735700337538558
372.6205814695	-0.00159541816905314	0.000344568842033878	-0.000735966867833969
372.7303371636	-0.00158951404350554	0.000315060002795266	-0.000736228269407906
372.8400928577	-0.00158264115131931	0.00028579281744319	-0.000736484553738478
372.94984855179996	-0.00157480838826681	0.000256795329990888	-0.000736735813876417
373.0596042459	-0.00156603059332012	0.000228106835105042	-0.000736982483825904
373.16935994	-0.00155629577554094	0.000199729329910829	-0.000737224806797185
373.2791156341	-0.00154564322083762	0.000171724467613815	-0.000737462772922167
373.38887132819997	-0.00153407171187858	0.000144110768565	-0.000737696273111051
373.49862702229996	-0.00152159235568368	0.000116915914705108	-0.000737925014948581
373.6083827164	-0.00150821780394746	9.01714422331304e-05	-0.000738148286280305
373.7181384105	-0.0014939717973934	6.39062726352928e-05	-0.000738365617235481
373.8278941046	-0.00147885911410212	3.81546813430426e-05	-0.000738576506887673
373.93764979869997	-0.00146291191416614	1.29383564136347e-05	-0.000738780432169883
374.0474054928	-0.00144614456924202	-1.1711025929615e-05	-0.00073897693979208
374.1571611869	-0.00142857681677792	-3.57639445679807e-05	-0.000739165769566185
374.266916881	-0.00141023755349514	-5.92046216986976e-05	-0.000739346533170397
374.3766725751	-0.00139114349158779	-8.2003735410024e-05	-0.000739519288751997
374.48642826919996	-0.00137131893114533	-0.000104141304782015	-0.000739683903787313
374.5961839633	-0.00135078643841926	-0.000125595375502198	-0.00073984043884074
374.7059396574	-0.00132956965549819	-0.000146345695777958	-0.000739989096865552
374.8156953515	-0.00130769029470908	-0.000166372064739381	-0.000740129941703315
374.92545104559997	-0.00128517290777386	-0.00018565347523362	-0.000740263108626726
375.03520673969996	-0.00126204207153569	-0.000204170670335123	-0.000740388803033626
375.1449624338	-0.00123832413360286	-0.000221905233539626	-0.000740507257025574
375.2547181279	-0.00121404582758323	-0.000238839872041309	-0.000740618680814044
375.364473822	-0.00118923330050515	-0.00025495799808032	-0.000740723295947416
375.47422951609997	-0.0011639133753469	-0.00027024442544519	-0.000740821279544898
375.58398521019996	-0.00113811264551551	-0.000284684262497179	-0.000740912716452
375.6937409043	-0.00111185693127348	-0.000298262820320103	-0.000740997696182372
375.8034965984	-0.00108517466806721	-0.00031096507437561	-0.000741076204149686
375.9132522925	-0.00105809336306844	-0.000322775291608657	-0.000741148148198437
376.02300798659996	-0.00103064121021268	-0.000333683249151146	-0.000741213302939248
376.1327636807	-0.00100285292270067	-0.000343672634952563	-0.000741271495796869
376.2425193748	-0.000974756629587126	-0.000352735294253541	-0.000741322541246588
376.3522750689	-0.000946389400529909	-0.000360852448985419	-0.000741366227603068
376.462030763	-0.000917759692862141	-0.000368043137681524	-0.000741402363673097
376.57178645709996	-0.000888934751220352	-0.000374264723877338	-0.000741430929984632
376.6815421512	-0.000859926220174554	-0.000379528568261057	-0.000741451899983434
376.7912978453	-0.000830773100004287	-0.000383827141727262	-0.000741465440781034
376.9010535394	-0.000801505980654126	-0.000387153280050396	-0.000741471825147634
377.01080923349997	-0.00077217024534957	-0.000389512934639665	-0.000741471435552222
377.12056492759996	-0.000742783456216587	-0.000390895021778014	-0.000741464563290918
377.2303206217	-0.000713390730121434	-0.000391309155504553	-0.000741451380139639
377.3400763158	-0.000684020128483086	-0.000390752138291628	-0.000741432201182164
377.4498320099	-0.000654705166016502	-0.000389226149770749	-0.000741407304139287
377.55958770399997	-0.0006254785790544	-0.000386735225147896	-0.00074137694465787
377.6693433981	-0.000596373476565689	-0.000383285065024796	-0.000741341435735854
377.7790990922	-0.000567422539786671	-0.000378881329861835	-0.000741300974198586
377.8888547863	-0.000538659005456986	-0.000373531199828476	-0.000741255823088213
377.9986104804	-0.000510115395865368	-0.000367243540894738	-0.000741206238737883
378.10836617449996	-0.000481823123700766	-0.000360028268771518	-0.000741152565198804
378.2181218686	-0.000453813997232081	-0.000351896408515105	-0.000741095219980588
378.3278775627	-0.000426118057473391	-0.000342860840136026	-0.000741034719536871
378.4376332568	-0.000398765683595036	-0.000332934490425585	-0.00074097144082264
378.5473889509	-0.000371786650961604	-0.00032213203502647	-0.000740905725097773
378.65714464499996	-0.000345209633510866	-0.000310469343868837	-0.00074083772518302
378.7669003391	-0.000319062621652624	-0.000297961573501914	-0.000740767524543141
378.8766560332	-0.000293372962001146	-0.000284632301563852	-0.000740695225355078
378.9864117273	-0.000268170413860005	-0.000270487250478667	-0.000740621001448118
379.09616742139997	-0.000243480481348439	-0.000255560833035799	-0.000740545053024313
379.20592311549996	-0.00021931008205249	-0.000239845981949165	-0.000740467659867863
379.3156788096	-0.000195721100462695	-0.000223401237986515	-0.00074038891706269
379.4254345037	-0.000172705828380014	-0.000206216651391384	-0.000740308857880695
379.5351901978	-0.000150300856579164	-0.000188328021039409	-0.00074022759205369
379.64494589189997	-0.00012852277009674	-0.000169750757375286	-0.000740145322724661
379.754701586	-0.00010739540715076	-0.000150510088811471	-0.00074006216768825
379.8644572801	-8.69380661044481e-05	-0.000130629489014968	-0.000739978541320971
379.9742129742	-6.71720142282052e-05	-0.000110134946480537	-0.000739894908205729
380.0839686683	-4.81160303149441e-05	-8.90522448216499e-05	-0.000739811945843135
380.19372436239996	-2.97873982175498e-05	-6.7408135549079e-05	-0.000739730260026018
380.3034800565	-1.2201864517354e-05	-4.52309577688414e-05	-0.000739650443692209
380.4132357506	4.62617182204494e-06	-2.25470313040511e-05	-0.000739573184038145
380.5229914447	2.06840476145547e-05	6.15567519144367e-07	-0.000739499137825702
380.63274713879997	3.59596385230811e-05	2.42296652631192e-05	-0.000739428899587837
380.74250283289996	5.04420206782185e-05	4.82687146009202e-05	-0.000739362947288841
380.852258527	6.41197069673935e-05	7.27062885981551e-05	-0.000739301731430255
380.9620142211	7.69825865825407e-05	9.75160273950956e-05	-0.00073924567807427
381.0717699152	8.90205442486953e-05	0.000122670067397761	-0.000739195256066947
381.18152560929997	0.00010022413471417	0.000148140615034569	-0.000739150861246355
381.29128130339996	0.000110586015333392	0.000173899903510786	-0.000739112995050453
381.4010369975	0.000120098875825871	0.000199919230297911	-0.000739082183450081
381.5107926916	0.000128757280155435	0.000226170012376765	-0.000739058900472394
381.6205483857	0.000136556475450852	0.000252624978686952	-0.000739043785755318
381.73030407979996	0.000143491857695483	0.00027925724099046	-0.000739037161231881
381.8400597739	0.000149559004782348	0.000306039681320377	-0.000739039552561468
381.949815468	0.000154753849385329	0.000332945443671754	-0.000739051426780573
382.0595711621	0.000159071225552542	0.000359945514817419	-0.000739073149936987
382.1693268562	0.000162504363949674	0.000387013154230697	-0.000739105094927129
382.27908255029996	0.0001650609688313	0.000414106582258965	-0.000739147458409539
382.3888382444	0.000166714268050644	0.000441221250596422	-0.000739200401930623
382.4985939385	0.000167502592793707	0.000468291246712032	-0.000739264124993704
382.6083496326	0.000167398570667892	0.000495307465551478	-0.000739338829469416
382.71810532669997	0.00016641569554288	0.000522232575255365	-0.000739424669345032
382.82786102079996	0.000164559199475289	0.000549036219530626	-0.000739522015306819
382.9376167149	0.000161837383671884	0.000575688465711559	-0.000739631182805701
383.047372409	0.000158259306962345	0.000602161812554261	-0.000739752456073579
383.1571281031	0.000153833059832725	0.00062842876250299	-0.000739886122199462
383.26688379719997	0.00014856752568161	0.000654461793385965	-0.00074003239352905
383.3766394913	0.000142471593543288	0.00068023354414047	-0.00074019158289323
383.4863951854	0.000135555171744361	0.000705717733538872	-0.000740363944069126
383.5961508795	0.000127828489002806	0.000730887874273185	-0.000740549568344748
383.7059065736	0.00011930195840246	0.00075571640709764	-0.000740748338044139
383.81566226769996	0.000109987782161474	0.000780176738460359	-0.000740960448372991
383.9254179618	9.9899872185471e-05	0.000804241323583612	-0.000741185696410047
384.0351736559	8.9052675092597e-05	0.000827883366940064	-0.000741423934303058
384.14492935	7.74613862463561e-05	0.000851077363227951	-0.000741675118469601
384.2546850441	6.51459113215628e-05	0.000873797665849695	-0.000741938629156993
384.36444073819996	5.21139336399176e-05	0.000896018175021013	-0.000742215537254888
384.4741964323	3.83952899750002e-05	0.000917714475561838	-0.000742506077139189
384.5839521264	2.40059712520436e-05	0.000938862934345088	-0.000742809933019237
384.6937078205	8.97139711460636e-06	0.000959434864920915	-0.000743127320750461
384.80346351459997	-6.70719942364341e-06	0.000979431702404288	-0.000743458384862332
384.91321920869996	-2.29691964875674e-05	0.000998796945217209	-0.000743803185451275
385.0229749028	-3.98232204640732e-05	0.00101753745556335	-0.000744161727700296
385.1327305969	-5.72295744000665e-05	0.00103562388682747	-0.000744533971256954
385.242486291	-7.51726801917279e-05	0.00105304436865885	-0.000744919734401086
385.35224198509997	-9.36259009728717e-05	0.00106977999027738	-0.000745318631648376
385.4619976792	-0.00011256421933867	0.00108581468136028	-0.000745730246812587
385.5717533733	-0.00013196089058981	0.00110113283137078	-0.00074615401190069
385.6815090674	-0.000151789530013078	0.00111572013255477	-0.00074658926418589
385.7912647615	-0.00017202214182362	0.0011295627163179	-0.000747035251008261
385.90102045559996	-0.00019263104502007	0.00114264881662274	-0.000747491161693966
386.0107761497	-0.000213587598200974	0.00115496702576195	-0.000747956135356722
386.1205318438	-0.000234862875654849	0.00116650715719351	-0.000748429346796127
386.2302875379	-0.000256428072572917	0.00117726089545579	-0.000748910013730075
386.34004323199997	-0.000278252719942546	0.00118722097781707	-0.000749397366214026
386.44979892609996	-0.000300306955451014	0.00119638185478551	-0.000749890715548911
386.5595546202	-0.000322561289019911	0.00120473932298258	-0.000750389439867183
386.6693103143	-0.000344985251359971	0.00121228976444635	-0.000750892945962754
386.7790660084	-0.000367552129463353	0.00121902878866101	-0.000751400718988044
386.88882170249997	-0.000390223731377236	0.00122496425641387	-0.000751912255488883
386.99857739659996	-0.000412996118364879	0.00123007373607152	-0.000752427126039781
387.1083330907	-0.000435809076045626	0.00123439439982158	-0.000752945059833222
387.2180887848	-0.000458658593809075	0.00123789801104331	-0.000753465818328713
387.3278444789	-0.000481511569878756	0.00124059606574937	-0.000753989165238049
387.43760017299996	-0.000504341921389214	0.00124248891913959	-0.000754514768296695
387.5473558671	-0.00052712302982296	0.00124358111010184	-0.000755042341363589
387.6571115612	-0.0005498262411812	0.00124387784837485	-0.00075557144645485
387.7668672553	-0.000572427931861475	0.00124338332787127	-0.000756101629198213
387.8766229494	-0.000594901013768959	0.00124210350627474	-0.000756632666609269
387.98637864349996	-0.000617220080888636	0.00124004437406443	-0.000757164265197759
388.0961343376	-0.000639359486929446	0.00123721278338491	-0.000757696124046361
388.2058900317	-0.000661293631173249	0.00123361620886696	-0.000758227894474612
388.3156457258	-0.000682997244188587	0.00122926330562296	-0.000758759215514719
388.42540141989997	-0.000704444971926909	0.00122416392278549	-0.000759289654455957
388.53515711399996	-0.000725612384974277	0.0012183284937651	-0.000759818769357486
388.6449128081	-0.000746475514906882	0.00121176887806553	-0.000760346240048223
388.7546685022	-0.000767011262295225	0.00120449686707619	-0.000760871408960804
388.8644241963	-0.000787196369884027	0.00119652519409178	-0.000761394018220842
388.97417989039997	-0.000807008238939898	0.00118786653945721	-0.000761913705332343
389.0839355845	-0.000826424275099599	0.00117853490348492	-0.00076243125590881
389.1936912786	-0.000845423692898833	0.00116854393800672	-0.000762944480792412
389.3034469727	-0.000863984507720056	0.00115790980222322	-0.000763454807052217
389.4132026668	-0.000882086145429641	0.00114664805131738	-0.000763962244457003
389.52295836089996	-0.000899708052660538	0.00113477445389965	-0.000764467102927625
389.632714055	-0.000916830207543881	0.00112230567967666	-0.000764969782144801
389.7424697491	-0.000933427472869229	0.00110926404380456	-0.000765470725177225
389.8522254432	-0.000949505362285194	0.00109564743357544	-0.000765970408054471
389.9619811373	-0.000965010820841621	0.00108151095200079	-0.000766469342068831
390.07173683139996	-0.000979947872935852	0.00106684569064498	-0.000766968027348952
390.1814925255	-0.000994300750661921	0.00105167423830046	-0.000767466811630264
390.2912482196	-0.00100804479772689	0.00103602349099326	-0.000767966569846693
390.4010039137	-0.00102116955647271	0.00101990809164609	-0.000768467510372992
390.51075960779997	-0.00103365887198959	0.00100335038262195	-0.000768970049950243
390.62051530189996	-0.00104549687071196	0.000986370275740305	-0.00076947446890794
390.730270996	-0.0010566690929656	0.000968990452253004	-0.000769981027694925
390.8400266901	-0.00106716046467803	0.000951233441725948	-0.000770489933310464
390.9497823842	-0.0010769578947693	0.000933122965075647	-0.000771001387428432
391.05953807829997	-0.00108604799172985	0.000914683675549699	-0.000771515557239608
391.1692937724	-0.00109441944165728	0.000895940283678148	-0.000772032613503524
391.2790494665	-0.00110206211300953	0.000876919192789236	-0.000772553355249856
391.3888051606	-0.00110896338429026	0.000857643742017498	-0.000773076677807151
391.4985608547	-0.00111511845658185	0.000838143245541065	-0.000773603307725492
391.60831654879996	-0.00112051952864593	0.000818447154247806	-0.000774133299387145
391.7180722429	-0.00112515118830541	0.000798568559486959	-0.000774666581141596
391.827827937	-0.00112903863894696	0.000778550820892919	-0.000775202821971761
391.9375836311	-0.00113209941478908	0.000758402842511961	-0.000775742551017817
392.04733932519997	-0.00113440011215906	0.000738166991857532	-0.000776285426195979
392.15709501929996	-0.00113591314782286	0.000717868325807782	-0.000776831414512594
392.2668507134	-0.00113663691523111	0.000697535874878816	-0.00077738024066513
392.3766064075	-0.00113657063884356	0.000677199694678151	-0.000777931808646207
392.4863621016	-0.00113571435110116	0.000656889922250188	-0.00077848624444182
392.59611779569997	-0.00113407245447046	0.000636635858992863	-0.000779043070837498
392.70587348979996	-0.00113164712600868	0.000616465580843232	-0.000779602240461246
392.8156291839	-0.0011284450147071	0.000596408992403308	-0.000780163790004319
392.925384878	-0.00112447130149925	0.000576490976097285	-0.000780727497410025
393.0351405721	-0.00111973217635098	0.000556738421812158	-0.000781293915508236
393.14489626619996	-0.00111423435216698	0.000537177835985274	-0.000781863247825505
393.2546519603	-0.00110798509094444	0.000517834410938656	-0.000782435793139338
393.3644076544	-0.00110099094120993	0.000498734762547594	-0.000783011670753736
393.4741633485	-0.00109326111037191	0.000479904643185988	-0.000783591246427158
393.5839190426	-0.00108480449397097	0.000461369928579919	-0.00078417392138631
393.69367473669996	-0.00107563106830123	0.000443155684997059	-0.000784761035795187
393.8034304308	-0.00106575168762601	0.000425288058388139	-0.000785352303731854
393.9131861249	-0.00105517776967798	0.000407791748249645	-0.000785947824333809
394.022941819	-0.00104392218601662	0.00039069204058535	-0.000786547734573335
394.13269751309997	-0.00103199932715731	0.000374012715901139	-0.000787152133695003
394.24245320719996	-0.00101942324094419	0.000357778230074706	-0.000787761104553567
394.3522089013	-0.00100620935545959	0.000342011721456533	-0.000788374797066549
394.4619645954	-0.00099237364666352	0.0003267363040426	-0.000788993343025385
394.5717202895	-0.000977931794913956	0.000311975422081767	-0.000789616954135956
394.68147598359997	-0.000962901223604155	0.000297751469276503	-0.000790246220254498
394.79123167769995	-0.00094730284146552	0.000284093487361109	-0.000790880845037082
394.9009873718	-0.000931136158819609	0.000271000570568508	-0.000791520995433097
395.0107430659	-0.000914458245709444	0.000258530511681481	-0.000792167351758976
395.12049876	-0.000897262673910674	0.000246680849233692	-0.00079281978611723
395.23025445409996	-0.000879580183606895	0.000235479203000898	-0.000793478211083987
395.3400101482	-0.000861433789553122	0.000224949067631441	-0.000794142774714339
395.4497658423	-0.000842853867233397	0.000215101064685457	-0.00079481357660302
395.5595215364	-0.000823868072676194	0.000205954178640797	-0.000795490440800211
395.6692772305	-0.000804482160632166	0.000197543756629777	-0.000796173283613797
395.77903292459996	-0.000784756463335456	0.000189849670050358	-0.000796860701386094
395.8887886187	-0.000764700277622749	0.000182912880451299	-0.000797555484805948
395.9985443128	-0.000744344617041157	0.00017673869849296	-0.000798255064133067
396.1083000069	-0.000723719745979994	0.000171339794521493	-0.000798959710381516
396.21805570099997	-0.000702856146540393	0.000166726124579761	-0.000799669169917758
396.32781139509996	-0.000681784861112949	0.000162906192595219	-0.00080038332164598
396.4375670892	-0.000660536971382567	0.000159887579608381	-0.000801102063900062
396.5473227833	-0.000639143702246519	0.000157676645700676	-0.000801825365224306
396.6570784774	-0.000617636445101874	0.000156277628333103	-0.000802553109944091
396.76683417149997	-0.00059604592309642	0.000155694986889137	-0.000803285133735775
396.8765898656	-0.000574403592875412	0.000155931651411933	-0.000804021202510185
396.9863455597	-0.000552740717866493	0.000156990538044254	-0.000804760005695978
397.0961012538	-0.000531090753056754	0.000158868133440958	-0.000805503747922192
397.2058569479	-0.000509484104826878	0.000161566793986669	-0.000806250474690703
397.31561264199996	-0.000487952648327628	0.000165082704818072	-0.000807000284009004
397.4253683361	-0.000466527826741327	0.000169411336641824	-0.000807753035303253
397.5351240302	-0.000445240067685691	0.000174547651195179	-0.000808508824821268
397.6448797243	-0.000424120124212548	0.00018048529260233	-0.000809267401819816
397.75463541839997	-0.000403197010869612	0.000187217047558365	-0.000810028747494888
397.86439111249996	-0.000382500464262416	0.00019473514361696	-0.000810792794168332
397.9741468066	-0.000362058888247554	0.000203031371521563	-0.000811559563434166
398.0839025007	-0.000341901962696502	0.000212096787060811	-0.000812329043600769
398.1936581948	-0.000322059266745486	0.000221921181196885	-0.000813101261092383
398.30341388889997	-0.000302560132234606	0.00023249307627661	-0.000813875712999092
398.41316958299996	-0.000283434100953977	0.000243799985466176	-0.000814653290182449
398.5229252771	-0.000264709893084091	0.00025582810351657	-0.000815433341786017
398.6326809712	-0.000246412123215128	0.000268569177457174	-0.000816215719376179
398.7424366653	-0.000228581991421215	0.000281986391511629	-0.000816999938368256
398.85219235939996	-0.00021123458945142	0.000296079740468433	-0.000817785915328476
398.9619480535	-0.000194396513394028	0.000310826819347003	-0.000818574424270521
399.0717037476	-0.000178096962017981	0.000326202791503594	-0.000819364782759797
399.1814594417	-0.000162361960575156	0.000342193391798514	-0.000820156875504364
399.2912151358	-0.000147208031641023	0.000358768871130792	-0.000820950685004156
399.40097082989996	-0.000132663730683098	0.000375911120665682	-0.000821745850845488
399.510726524	-0.000118757109702039	0.000393597068998072	-0.000822542227526278
399.6204822181	-0.000105490471993213	0.000411789576405993	-0.000823340472840453
399.7302379122	-9.29026741192799e-05	0.000430475440293207	-0.000824139774350333
399.83999360629997	-8.10045570062253e-05	0.000449621858105845	-0.000824939855223074
399.94974930039996	-6.98153408319965e-05	0.000469202058088418	-0.000825739673590228
400.0595049945	-5.93494475830398e-05	0.00048918696270334	-0.000826540658577099
400.1692606886	-4.96218961075727e-05	0.000509547876837982	-0.000827341830822277
400.2790163827	-4.06456252612395e-05	0.000530255032132723	-0.000828143046837221
400.38877207679997	-3.2432582140245e-05	0.000551278557403177	-0.00082894425697777
400.49852777089995	-2.49935983030648e-05	0.000572587973179032	-0.000829745365757225
400.608283465	-1.83376125909828e-05	0.000594152765829898	-0.000830546311418996
400.7180391591	-1.24735152686829e-05	0.000615942440636737	-0.000831347029320257
400.8277948532	-7.40767466326276e-06	0.000637925815572276	-0.000832147573907575
400.93755054729996	-3.14552284371717e-06	0.000660072210080884	-0.000832947999536987
401.0473062414	3.08055999843518e-07	0.000682350822117889	-0.000833748437668463
401.1570619355	2.9497672768457e-06	0.000704730501932457	-0.000834549035397551
401.2668176296	4.77746583631541e-06	0.00072718030697073	-0.000835349997311661
401.3765733237	5.790392531423e-06	0.000749668548944125	-0.000836151568968786
401.48632901779996	5.98907688004469e-06	0.000772164809648356	-0.000836954050644772
401.5960847119	5.37508307964883e-06	0.000794638264005586	-0.000837757394483672
401.705840406	3.95120175919877e-06	0.000817058996196382	-0.000838562850468679
401.8155961001	1.72079021761751e-06	0.000839397112014883	-0.000839370499494139
401.92535179419997	-1.31250393535154e-06	0.00086162182377195	-0.000840180330019035
402.03510748829996	-5.14066403058988e-06	0.000883703637649402	-0.000840991575325432
402.1448631824	-9.76264103901948e-06	0.000905614443163663	-0.000841807011038266
402.2546188765	-1.51655978809036e-05	0.000927323107587704	-0.000842625658373066
402.3643745706	-2.13436040522027e-05	0.000948803081434996	-0.00084344773039261
402.47413026469997	-2.82854520037559e-05	0.000970019803063499	-0.000844273433761627
402.5838859588	-3.59843156985635e-05	0.000990956291620678	-0.000845102955715865
402.6936416529	-4.44228179090553e-05	0.0010115721841901	-0.000845936518759211
402.803397347	-5.35938331372113e-05	0.00103184895993158	-0.000846773973321114
402.9131530411	-6.34806359522429e-05	0.00105175632335938	-0.000847615366430261
403.02290873519996	-7.40698407433877e-05	0.00107126983882907	-0.000848460895810306
403.1326644293	-8.53458816188588e-05	0.00109036548310305	-0.000849308728514048
403.2424201234	-9.72923611573734e-05	0.00110901850201324	-0.000850163704123881
403.3521758175	-0.000109892073952051	0.00112720490762478	-0.000851022039653286
403.46193151159997	-0.00012312715898162	0.00114490162356701	-0.000851884803271474
403.57168720569996	-0.000136979164572669	0.00116208566028115	-0.000852752082115491
403.6814428998	-0.000151428782303839	0.00117873494670178	-0.000853624012913765
403.7911985939	-0.0001664553727566	0.00119482825891485	-0.000854500725681535
403.900954288	-0.000182038847929917	0.00121034500882371	-0.000855382311820072
404.01070998209997	-0.000198157661901867	0.00122526490942449	-0.000856269143834211
404.12046567619996	-0.000214788283733533	0.00123956919360791	-0.000857161179594385
404.2302213703	-0.000231909373327851	0.00125323859116367	-0.000858058548220412
404.3399770644	-0.000249497211489454	0.00126625588095789	-0.000858961202529747
404.4497327585	-0.000267527123300764	0.00127860378853587	-0.000859869670299706
404.55948845259996	-0.000281324169262598	0.00128741570440105	-0.000860554952827915
404.6692441467	-0.000304810200234256	0.00130122831875886	-0.00086170494084566
404.7789998408	-0.000324010451349383	0.00131147575316846	-0.000862632354039921
404.8887555349	-0.000343549728636354	0.00132099350057718	-0.000863566852920208
404.998511229	-0.000363394510715857	0.00132977569640824	-0.000864508875635801
405.10826692309996	-0.000383515711143278	0.00133781000611076	-0.000865457712901759
405.2180226172	-0.000403906175877969	0.00134506927649099	-0.000866416189379874
405.3277783113	-0.000424504019189058	0.00135158007059613	-0.00086738312343116
405.4375340054	-0.000445303645043109	0.00135730686356152	-0.000868359133325974
405.54728969949997	-0.00046627042462942	0.00136225240249901	-0.000869344503931639
405.65704539359996	-0.00048737598354522	0.00136640979157758	-0.000870339704613653
405.7668010877	-0.00050859091092505	0.00136977658643352	-0.000871345022750498
405.8765567818	-0.000529886996644379	0.0013723493763426	-0.000872360806815754
405.9863124759	-0.000551234498466518	0.00137412644045605	-0.000873387351186099
406.09606816999997	-0.000572604505386504	0.00137510651179881	-0.000874424655361785
406.20582386409995	-0.000593967335575645	0.0013752893888204	-0.000875473689105746
406.3155795582	-0.000615293549975489	0.00137467629313589	-0.000876533674812371
406.4253352523	-0.000636553461840476	0.00137326992675781	-0.000877606545755133
406.5350909464	-0.000657717603718515	0.00137107409267568	-0.000878691203449748
406.64484664049996	-0.000678757360846621	0.00136809421866181	-0.000879787988325669
406.7546023346	-0.000699644148084854	0.00136433715608761	-0.0008808970821551
406.8643580287	-0.00072034942487442	0.0013598111939712	-0.000882018455930705
406.9741137228	-0.000740845999678016	0.00135452448626312	-0.000883152169875612
407.0838694169	-0.000761107740076297	0.00134848669873848	-0.00088429829093963
407.19362511099996	-0.000781108294567913	0.00134170764790695	-0.000885456649934964
407.3033808051	-0.000800822696774922	0.00133419835697267	-0.000886627278184396
407.4131364992	-0.000820225676432146	0.0013259705834044	-0.000887809358450545
407.5228921933	-0.000839294052585164	0.00131703704091897	-0.000889003843608483
407.63264788739997	-0.00085800385203894	0.00130740980946057	-0.000890209923708448
407.74240358149996	-0.000876332216306773	0.00129710320548215	-0.000891427392767799
407.8521592756	-0.000894256123473364	0.0012861306916494	-0.000892656950000161
407.9619149697	-0.000911754358899252	0.00127450662428869	-0.00089389613730023
408.0716706638	-0.000928804994780808	0.00126224476308444	-0.00089514613729331
408.18142635789997	-0.000945381858153136	0.00124936226107917	-0.000896404958142715
408.291182052	-0.000961472425302687	0.00123587192920782	-0.00089767519799883
408.4009377461	-0.000977045935540694	0.00122179565186222	-0.000898954332731417
408.5106934402	-0.000992089659884491	0.00120714453096483	-0.000900242403819743
408.6204491343	-0.00100657655829517	0.0011919452594753	-0.000901538365527165
408.73020482839996	-0.00102049304933501	0.00117621146965332	-0.000902844356683693
408.8399605225	-0.00103381951833125	0.00115996614511722	-0.000904159421501563
408.9497162166	-0.00104653825159109	0.00114323009611417	-0.000905482824233933
409.0594719107	-0.00105863308791909	0.00112602564744341	-0.000906814715576173
409.16922760479997	-0.00107008828235266	0.00110837563835894	-0.000908155730213275
409.27898329889996	-0.0010808889717974	0.00109030232016624	-0.000909503181346526
409.388738993	-0.00109102195906594	0.00107182849060589	-0.000910860983110707
409.4984946871	-0.00110047396255742	0.00105297710153271	-0.000912227292295818
409.6082503812	-0.00110923260836499	0.0010337724177729	-0.00091360210402235
409.71800607529997	-0.00111728538845121	0.00101423848381207	-0.000914985330294037
409.82776176939996	-0.00112462211148337	0.000994399836963286	-0.000916376691521918
409.9375174635	-0.00113123252779256	0.000974281336079717	-0.000917776285298234
410.0472731576	-0.00113710795173417	0.000953908115071777	-0.000919183974956226
410.1570288517	-0.00114224025362495	0.000933305696840776	-0.000920599852425021
410.26678454579996	-0.00114662100815856	0.000912500385945831	-0.000922023859268312
410.3765402399	-0.00115024512597853	0.000891517300385187	-0.00092345381936496
410.486295934	-0.00115310667636961	0.000870383557640734	-0.000924895156855953
410.5960516281	-0.00115519808655427	0.000849122800068056	-0.000926343400103211
410.7058073222	-0.0011565199976976	0.000827764762155372	-0.000927799246061585
410.81556301629996	-0.00115706001159098	0.000806330882196475	-0.000929262436289436
410.9253187104	-0.00115683412533519	0.000784858173875132	-0.000930732666240734
411.0350744045	-0.00115582152465571	0.000763360332001784	-0.000932209551750258
411.1448300986	-0.00115402932321281	0.000741868616757605	-0.00093369264891423
411.25458579269997	-0.00115145458339481	0.000720408651740215	-0.000935182100431084
411.36434148679996	-0.00114809980015539	0.000699007340037215	-0.000936675115870029
411.4740971809	-0.0011439661847943	0.000677690502043137	-0.000938173645629575
411.583852875	-0.00113905453992915	0.000656485115199234	-0.000939677260724152
411.6936085691	-0.00113337058541325	0.00063541739571442	-0.000941183389025033
411.80336426319997	-0.00112691527792682	0.000614514905124441	-0.00094269295775927
411.91311995729995	-0.00111969420637776	0.000593803863956289	-0.000944205545862157
412.0228756514	-0.00111171329128166	0.00057331113794123	-0.000945720362939907
412.1326313455	-0.00110297959174693	0.000553062727360988	-0.000947238297242204
412.2423870396	-0.00109349992541744	0.000533084753604563	-0.000948758627685717
412.35214273369996	-0.00108328241180052	0.000513403461183818	-0.000950281762143617
412.4618984278	-0.00107233599426109	0.000494045624072164	-0.000951806705074772
412.5716541219	-0.0010606709714141	0.000475038093108093	-0.000953334253999744
412.681409816	-0.00104829945477777	0.000456406533486858	-0.00095486489093347
412.7911655101	-0.00103523336624599	0.000438177240031152	-0.000956395583205446
412.90092120419996	-0.00102148639466983	0.000420375139398948	-0.000957930410314559
413.0106768983	-0.00100707302974972	0.00040302500226316	-0.000959466745750139
413.1204325924	-0.000992008276822346	0.000386151049961467	-0.000961004944293114
413.2301882865	-0.000976307984308533	0.000369777842690538	-0.000962544830823458
413.33994398059997	-0.000959989637842774	0.000353929099886935	-0.000964086367724416
413.44969967469996	-0.000943071197682641	0.000338628413863864	-0.000965628858397924
413.5594553688	-0.000925572318011317	0.000323898572487304	-0.00096717294012772
413.6692110629	-0.000907513518096839	0.000309762214334561	-0.000968718086126126
413.778966757	-0.000888915789980051	0.000296240437790018	-0.000970264653482355
413.88872245109997	-0.000869807101072559	0.00028336161840951	-0.000971812048549706
413.99847814519995	-0.000850184592618821	0.000271122336549348	-0.000973359510367072
414.1082338393	-0.000830110146773974	0.000259568771219286	-0.000974907072354334
414.2179895334	-0.000809590933313268	0.000248704130361567	-0.000976454589078648
414.3277452275	-0.000788641104311192	0.000238550922804487	-0.000978000999067544
414.43750092159996	-0.00076730489630448	0.000229123906896934	-0.000979546324736528
414.5472566157	-0.000745598864646004	0.000220435217180015	-0.00098109023211336
414.6570123098	-0.000723550266557608	0.000212501001151237	-0.000982632326427951
414.7667680039	-0.000701186227670115	0.000205334475677222	-0.000984172428665962
414.87652369799997	-0.000678535218115671	0.000198947739620999	-0.000985708207353926
414.98627939209996	-0.000655625940547796	0.00019335197257356	-0.000987242845798245
415.0960350862	-0.000632487847708137	0.000188557941220693	-0.000988773998696796
415.2057907803	-0.00060915210123573	0.000184574679175438	-0.000990301464854404
415.3155464744	-0.000585645143479391	0.000181412687195188	-0.000991825586369034
415.42530216849997	-0.00056200223929842	0.000179077114454006	-0.000993346341844777
415.53505786259996	-0.00053825318497456	0.000177574417428041	-0.000994862857679174
415.6448135567	-0.000514429755924321	0.000176908322124536	-0.000996376510269172
415.7545692508	-0.000490563747568632	0.000177081751823193	-0.000997886790068088
415.8643249449	-0.000466686773773696	0.000178096541608084	-0.00099939393643184
415.97408063899996	-0.000442830519300859	0.000179953510812993	-0.00100089817225796
416.0838363331	-0.000419027201480106	0.000182652119225529	-0.00100239974587894
416.1935920272	-0.0003953086741389	0.000186190809115256	-0.0010038988953826
416.3033477213	-0.000371707235164409	0.000190566412379713	-0.00100539575862026
416.4131034154	-0.000348254679539886	0.000195774434767647	-0.00100688961849166
416.52285910949996	-0.000324982463002104	0.000201809060140478	-0.00100838213742923
416.6326148036	-0.00030192224789914	0.000208663391288054	-0.00100987259562121
416.7423704977	-0.00027910609486253	0.000216330037826698	-0.00101136069943001
416.8521261918	-0.000256563965772949	0.000224799452817882	-0.00101284611828384
416.96188188589997	-0.000234323768602434	0.000234069158214908	-0.00101433025373266
417.07163757999996	-0.000212428624277016	0.000244107446943915	-0.00101581119585969
417.1813932741	-0.000190896288596555	0.00025492137676498	-0.00101729070822009
417.2911489682	-0.000169761363272064	0.000266487713380232	-0.00101876795562102
417.4009046623	-0.000149050343782107	0.000278794617088421	-0.00102024292484524
417.51066035639997	-0.000128792433829524	0.000291824481012317	-0.00102171556881331
417.62041605049995	-0.000109016795835679	0.000305560158385159	-0.00102318546036785
417.7301717446	-8.97498268537412e-05	0.000319982235510311	-0.00102465342290447
417.8399274387	-7.10227700502289e-05	0.000335072540647885	-0.00102611927647803
417.9496831328	-5.28556609627564e-05	0.0003508037619064	-0.00102758207932707
418.05943882689996	-3.52780766333864e-05	0.000367156440332416	-0.001029042942786
418.169194521	-1.83085620543891e-05	0.000384097186075642	-0.00103050087049435
418.2789502151	-1.99312966526459e-06	0.000401628623172006	-0.00103195564416201
418.3887059092	1.36810316989334e-05	0.000419689403574553	-0.0010334074407936
418.4984616033	2.86729123732724e-05	0.000438271734599037	-0.0010348559173108
418.60821729739996	4.29661469958111e-05	0.000457345158439858	-0.0010363002866352
418.7179729915	5.65420342432294e-05	0.000476881413544762	-0.00103774221581074
418.8277286856	6.93842113786318e-05	0.000496850460890546	-0.00103918063934659
418.9374843797	8.14774586532571e-05	0.000517222412940038	-0.00104061542356216
419.04724007379997	9.28076888614324e-05	0.000537967025608508	-0.00104204648709032
419.15699576789996	0.000103361785662678	0.00055905304236769	-0.00104347386434148
419.266751462	0.000113128277902718	0.000580448969778838	-0.00104489676440559
419.3765071561	0.000122097006373362	0.000602123972964475	-0.00104631524456862
419.4862628502	0.00013025883644138	0.00062404652012694	-0.00104772919108263
419.59601854429997	0.000137605798616806	0.000646185329733745	-0.00104913734942974
419.70577423839995	0.000144131086343282	0.000668509209183822	-0.00105054056128934
419.8155299325	0.000149827842914051	0.000690986241302632	-0.00105193920875021
419.9252856266	0.000154691379573534	0.000713583971959129	-0.00105333067695419
420.0350413207	0.000158717045957064	0.000736268791247485	-0.00105471526291599
420.14479701479996	0.000161902821245496	0.000759007049718571	-0.00105609299963123
420.2545527089	0.000164248293111979	0.00078176584899736	-0.00105746318160648
420.364308403	0.000165754563361237	0.000804511038512053	-0.0010588267880274
420.4740640971	0.000166423954724751	0.00082720945874696	-0.00106018326552782
420.58381979119997	0.000166260630048028	0.000849828448674879	-0.0010615330838406
420.69357548529996	0.000165270379548768	0.000872334837628413	-0.00106287492900019
420.8033311794	0.000163460212303439	0.000894697191640055	-0.00106420937914651
420.9130868735	0.000160838172980099	0.000916883584707056	-0.00106553632534919
421.0228425676	0.000157413524162129	0.000938864873602592	-0.00106685581805152
421.13259826169997	0.000153199975902345	0.00096060490025083	-0.00106816802318596
421.24235395579996	0.000148187926511748	0.00098209851496544	-0.00106947249326098
421.3521096499	0.000142425400099195	0.00100328097588485	-0.00107077016367493
421.461865344	0.000135893912962727	0.00102415026607809	-0.00107205942641321
421.5716210381	0.000128622074208576	0.00104466756978213	-0.00107334094413409
421.68137673219996	0.000120616273452285	0.00106481134015398	-0.00107461462448202
421.7911324263	0.000111894295700888	0.00108455405122119	-0.00107588040493233
421.9008881204	0.000102471532274734	0.00110386997431289	-0.00107713793893581
422.0106438145	9.23643490692778e-05	0.00112273583367098	-0.0010783878521519
422.1203995086	8.15900376192355e-05	0.00114112538167619	-0.00107962935718269
422.23015520269996	7.01662388714237e-05	0.00115901487983473	-0.00108086275421234
422.3399108968	5.81112862022989e-05	0.00117638080212213	-0.00108208819364276
422.4496665909	4.54445207890306e-05	0.00119320038601239	-0.00108330547254328
422.559422285	3.21857509986503e-05	0.00120945130486994	-0.00108451500741232
422.66917797909997	1.83556264733194e-05	0.00122511203429506	-0.0010857169201248
422.77893367319996	3.97532875950726e-06	0.00124016116875374	-0.00108691135984783
422.8886893673	-1.09323558399498e-05	0.00125457851117062	-0.00108809846359314
422.9984450614	-2.63288248517242e-05	0.00126836287099072	-0.00108927803777827
423.1082007555	-4.22400016595953e-05	0.00128143883837334	-0.00109045055372704
423.21795644959997	-5.85914910100844e-05	0.00129384384368587	-0.00109161692913562
423.32771214369996	-7.53738873672043e-05	0.0013055417065311	-0.00109277629222263
423.4374678378	-9.25621441715433e-05	0.00131651543903471	-0.0010939288522788
423.5472235319	-0.000110129373269168	0.00132674941248044	-0.0010950747359009
423.656979226	-0.000128048388678757	0.00133622901711456	-0.00109621394575492
423.76673492009996	-0.000146291579355468	0.00134494004544243	-0.00109734652745031
423.8764906142	-0.000164830365479269	0.00135286933433679	-0.00109847239629801
423.9862463083	-0.000183636125024672	0.00136000494692593	-0.00109959153762603
424.0960020024	-0.000202678769796843	0.00136633588545967	-0.00110070389409585
424.2057576965	-0.000221928986671037	0.00137185227333666	-0.00110180949102596
424.31551339059996	-0.000241356438365876	0.00137654463369609	-0.00110290912793268
424.4252690847	-0.000260930509550971	0.00138040611164715	-0.00110400153736154
424.5350247788	-0.000280619438970701	0.00138342924652012	-0.00110508735535741
424.6447804729	-0.000300391459114348	0.00138560903203468	-0.0011061666021466
424.75453616699997	-0.000320215362114285	0.00138694018683545	-0.00110723930254511
424.86429186109996	-0.000340058889291923	0.00138741947306076	-0.00110830580862208
424.9740475552	-0.000359888004710313	0.00138704670856512	-0.00110936600799331
425.0838032493	-0.000379666073773585	0.00138582287651495	-0.00111041985105559
425.1935589434	-0.000399382249524126	0.00138372917543754	-0.00111146731504442
425.30331463749997	-0.000418970959289588	0.00138080244807221	-0.00111250864967633
425.41307033159995	-0.000438421977112884	0.0013770177144421	-0.00111354386517448
425.5228260257	-0.000457696854669955	0.00137238899043219	-0.00111457255931575
425.6325817198	-0.000476763494967413	0.00136692145674804	-0.001115595555773
425.7423374139	-0.000495589753995042	0.00136062361206938	-0.00111661244933046
425.85209310799996	-0.00051414489226936	0.00135350427973693	-0.00111762373043875
425.9618488021	-0.000532398448952076	0.00134557398955901	-0.00111862910256902
426.0716044962	-0.000550319760021394	0.00133684299378482	-0.00111962910984299
426.1813601903	-0.000567879309785097	0.00132732281759985	-0.00112062398899872
426.29111588439997	-0.000585047459176017	0.00131702680643713	-0.00112161401909517
426.40087157849996	-0.000601794942492467	0.0013059682876595	-0.00112259936627425
426.5106272726	-0.000618093477270588	0.00129416303376761	-0.00112358023080944
426.6203829667	-0.000633914950845818	0.00128162700024731	-0.00112455681900347
426.7301386608	-0.000649232142054276	0.00126837727307948	-0.00112552928198953
426.83989435489997	-0.00066401854036495	0.0012544321845337	-0.00112649785749411
426.94965004899996	-0.000678249207752682	0.00123981045508083	-0.00112746329766005
427.0594057431	-0.000691898324068503	0.00122453279425433	-0.00112842471780505
427.1691614372	-0.000704942958981972	0.00120861811650885	-0.00112938292156853
427.2789171313	-0.000717359164423033	0.00119208884648734	-0.0011303377370777
427.38867282539996	-0.000729124402760336	0.00117496652432882	-0.00113128959337229
427.4984285195	-0.000740217181599715	0.00115727377404966	-0.00113223866830313
427.6081842136	-0.000750616888568699	0.00113903388059899	-0.00113318508818446
427.7179399077	-0.000760302900926353	0.00112027055461999	-0.00113412924511798
427.8276956018	-0.000769256624255475	0.00110100887061905	-0.00113507170825342
427.93745129589996	-0.000777459464617857	0.00108127343577476	-0.00113601051311871
428.04720699	-0.000784894096919434	0.00106108851048569	-0.00113694694123594
428.1569626841	-0.000791543038818621	0.00104048007320731	-0.00113788065705077
428.2667183782	-0.000797389830600604	0.00101947364005822	-0.00113881160237102
428.37647407229997	-0.000802417914335197	0.000998096181689627	-0.00113973961359927
428.48622976639996	-0.000806611955587787	0.000976374551423825	-0.00114066447442424
428.5959854605	-0.000809957398091608	0.000954336676662653	-0.00114158602014612
428.7057411546	-0.000812440029359831	0.00093201157175937	-0.00114250406355406
428.8154968487	-0.000814046747552826	0.00090942897470923	-0.00114341797226531
428.92525254279997	-0.000814763927840067	0.000886618669333261	-0.00114432872387481
429.03500823689996	-0.000814580747622823	0.000863613213253541	-0.00114523575013607
429.144763931	-0.000813484120513348	0.000840442246429131	-0.00114613898560517
429.2545196251	-0.000811472724702457	0.000817148076264616	-0.0011470383601122
429.3642753192	-0.000808516500819522	0.000793740169066062	-0.00114793385769933
429.47403101329996	-0.000804645141278778	0.00077028527929025	-0.00114882518722822
429.5837867074	-0.00079982492563015	0.000746794039593171	-0.00114971217013002
429.6935424015	-0.000794061126727794	0.000723306732651405	-0.0011505949020161
429.8032980956	-0.000787349580972505	0.000699856070338364	-0.00115147340370722
429.9130537897	-0.000779688504386586	0.000676477235802246	-0.00115234777087847
430.02280948379996	-0.000771078242838412	0.000653205669760211	-0.00115321822335726
430.1325651779	-0.000761519375589003	0.000630076646395205	-0.00115408524214313
430.242320872	-0.000751015104921781	0.00060712383351929	-0.00115494882215046
430.3520765661	-0.000739569218753259	0.000584384199746101	-0.00115580888566733
430.46183226019997	-0.000727187230254649	0.000561892934862215	-0.00115666579467776
430.57158795429996	-0.000713875865758861	0.000539683879352272	-0.00115751973487168
430.6813436484	-0.000699643374468217	0.000517791444508291	-0.0011583719258484
430.7910993425	-0.000684498064890008	0.000496249370631348	-0.00115922211251013
430.9008550366	-0.000668450014526395	0.000475090990901122	-0.00116007083705386
431.01061073069997	-0.000651538338688735	0.000454338265675223	-0.00116091760321215
431.12036642479995	-0.000633690975167818	0.000434064385769599	-0.00116176330409896
431.2301221189	-0.000615005133578918	0.000414263247195694	-0.00116260789652583
431.339877813	-0.000595467555217204	0.000394982699881042	-0.00116345107437182
431.4496335071	-0.000575094730686689	0.000376256139131747	-0.00116429400773903
431.55938920119996	-0.000553905272024812	0.000358117632186074	-0.00116513640047569
431.6691448953	-0.000531919490664258	0.000340600736846142	-0.00116597847876832
431.7789005894	-0.000509159725220414	0.000323736795448882	-0.00116682037674029
431.8886562835	-0.000485649107314932	0.000307556135518405	-0.00116766153259349
431.9984119776	-0.000461413950730319	0.000292088667232642	-0.00116850367677984
432.10816767169996	-0.000436483348160379	0.000277368208983085	-0.00116934603938116
432.2179233658	-0.000410863015786832	0.000263394185270913	-0.0011701890849949
432.3276790599	-0.000384610081548906	0.000250226657103736	-0.00117103221742082
432.437434754	-0.000357732581516843	0.000237874589174116	-0.00117187726713472
432.54719044809997	-0.000330258258196591	0.000226358951173276	-0.00117272316885887
432.65694614219996	-0.000302224822920055	0.000215712321884765	-0.00117357103514621
432.7667018363	-0.000273660680792971	0.000205951447880637	-0.00117441949548713
432.8764575304	-0.000244595745842701	0.000197099091174453	-0.0011752686914153
432.9862132245	-0.000215069504301069	0.000189173121723996	-0.00117611874132008
433.09596891859997	-0.000185104947125816	0.000182195908370718	-0.0011769695276909
433.20572461269995	-0.000154744191004064	0.000176182675488411	-0.00117782105798312
433.3154803068	-0.000124023872755296	0.000171146202977502	-0.00117867342496364
433.4252360009	-9.29751249945751e-05	0.000167107987268887	-0.00117952659964387
433.534991695	-6.16370421627884e-05	0.000164080248158299	-0.00118038075796108
433.64474738909996	-3.00474506652487e-05	0.000162074484171102	-0.00118123601474321
433.7545030832	1.75493980402405e-06	0.000161100006672379	-0.00118209257574893
433.8642587773	3.3730694201069e-05	0.000161164472748986	-0.00118295056095187
433.9740144714	6.58409841117589e-05	0.000162274016800698	-0.00118380988694313
434.08377016549997	9.8046402365898e-05	0.00016443278547041	-0.00118467111523454
434.19352585959996	0.000130307474875532	0.00016764429430656	-0.00118553449406216
434.3032815537	0.000162584986808731	0.000171909264185387	-0.00118640041191012
434.4130372478	0.000194839668352068	0.00017722730417154	-0.00118726926279068
434.5227929419	0.00022703276343035	0.000183596228009076	-0.00118814142525012
434.63254863599997	0.00025912522636815	0.000191012272198699	-0.00118901731248644
434.74230433009996	0.00029107972266315	0.000199470443074574	-0.00118989774750084
434.8520600242	0.000322855287313844	0.000208965987051301	-0.00119078159943349
434.9618157183	0.000354416669676101	0.000219488535209128	-0.00119166957417103
435.0715714124	0.000385724964400498	0.000231030121776359	-0.00119256198669493
435.18132710649996	0.000416747363255799	0.000243583944592237	-0.00119345904291279
435.2910828006	0.000447431377788443	0.000257124333396745	-0.00119436009696162
435.4008384947	0.000477773616001951	0.000271666517447092	-0.00119526706491463
435.5105941888	0.000507703936690718	0.000287161428089803	-0.00119617911299115
435.6203498829	0.00053720531495023	0.000303612607535537	-0.00119709626962744
435.73010557699996	0.00056624165196586	0.000320997677827784	-0.00119801852031372
435.8398612711	0.000594781723490872	0.000339298088905829	-0.00119894566162887
435.9496169652	0.000622790749314162	0.000358497081323982	-0.00119987857655821
436.0593726593	0.000650242746496665	0.000378568193715133	-0.00120081603424431
436.16912835339997	0.00067710595351301	0.00039948911566815	-0.00120175671186994
436.27888404749996	0.000703345296981373	0.000421249217560833	-0.00120270170834896
436.3886397416	0.000728939029283858	0.000443814350257385	-0.00120365075628418
436.4983954357	0.000753855560264564	0.000467164321476017	-0.0012046038687684
436.6081511298	0.000778067779383691	0.000491273665588079	-0.00120556095506337
436.71790682389997	0.000801549139035612	0.000516115134998941	-0.00120652199242018
436.82766251799995	0.000824277257104014	0.000541661188948719	-0.00120748690630943
436.9374182121	0.000846228270561898	0.000567883732659921	-0.00120845584198044
437.0471739062	0.000867380902418264	0.000594755533284072	-0.00120942940380663
437.1569296003	0.000887712616253056	0.000622247510833456	-0.00121040461535068
437.26668529439996	0.000907204824539683	0.000650326904154127	-0.00121138460792778
437.3764409885	0.00092583455357315	0.00067896900710192	-0.00121236761877525
437.4861966826	0.000943583427281834	0.000708141117905924	-0.00121335355856224
437.5959523767	0.000960424869528255	0.000737806570931486	-0.00121434202631743
437.7057080708	0.000976369455146022	0.000767953676118419	-0.00121533272512026
437.81546376489996	0.00099136790886095	0.000798518582888807	-0.00121632538403023
437.925219459	0.00100542329619787	0.000829487890139699	-0.00121731962852991
438.0349751531	0.00101851668402068	0.000860820737249692	-0.00121831521818318
438.1447308472	0.00103063842522858	0.000892483766211371	-0.00121931191153036
438.25448654129997	0.00104177828851059	0.000924438947080852	-0.00122030952793002
438.36424223539996	0.00105192701735036	0.000956652066277752	-0.00122130781882374
438.4739979295	0.00106108159054981	0.000989081028305982	-0.00122230653419181
438.5837536236	0.00106921478802176	0.0010217125191401	-0.00122330568002616
438.6935093177	0.00107635641266229	0.00105447521398563	-0.00122430531399055
438.80326501179997	0.00108247685104212	0.00108735316935416	-0.00122530567459916
438.91302070589995	0.00108757989979601	0.00112030720798049	-0.00122630718980271
439.0227764	0.00109166347184373	0.00115330069561514	-0.00122731029746839
439.1325320941	0.0010947276302677	0.00118629723124451	-0.00122831569202887
439.2422877882	0.00109677367522878	0.00121926023308253	-0.00122932372088709
439.35204348229996	0.00109780184064539	0.0012521526963196	-0.0012303351163879
439.4617991764	0.00109781452576468	0.00128493642732968	-0.00123134981007222
439.5715548705	0.00109681782328841	0.00131757217469406	-0.00123236883858549
439.6813105646	0.00109481762036249	0.00135002413655205	-0.00123339417941431
439.79106625869997	0.00109182234443338	0.00138225361634101	-0.00123442347600177
439.90082195279996	0.00108784143343668	0.00141422431608196	-0.00123545756150015
440.0105776469	0.00108288567220993	0.00144589953818366	-0.00123649660598515
440.120333341	0.00107696749300326	0.00147724351887775	-0.00123754053778178
440.2300890351	0.00107010011528047	0.00150821906530721	-0.00123858908845075
440.33984472919997	0.00106229871543965	0.00153879004859412	-0.00123964215002037
440.44960042329996	0.00105357963397172	0.00156892290382314	-0.00124069935170174
440.5593561174	0.00104396112161549	0.00159858077425634	-0.00124176143198813
440.6691118115	0.00103346070052433	0.00162773487203244	-0.00124282707540445
440.7788675056	0.00102210862854649	0.0016563387201021	-0.00124389511641379
440.88862319969996	0.00100991404373951	0.00168437824153704	-0.00124496612649464
440.9983788938	0.000996909556183162	0.00171180950538982	-0.00124603978629331
441.1081345879	0.000983116496700908	0.00173860521470269	-0.00124711582325716
441.217890282	0.000968562482502298	0.00176473576056905	-0.00124819277383476
441.3276459761	0.000953274009300102	0.00179017384247031	-0.00124927276385743
441.43740167019996	0.000937285030410615	0.00181489251551584	-0.00125035404116838
441.5471573643	0.000920645306057167	0.00183889253345865	-0.00125143705964066
441.6569130584	0.000903325261451101	0.00186207669773024	-0.00125252089485237
441.7666687525	0.000885414539418953	0.00188449412832979	-0.00125360391317922
441.87642444659997	0.000866930503208106	0.00190610593907252	-0.00125468722014022
441.98618014069996	0.000847899630219933	0.00192688688082721	-0.00125577012843412
442.0959358348	0.000828354624803732	0.0019468124859994	-0.00125685215026321
442.2056915289	0.000808341711625891	0.001965883507518	-0.0012579329894557
442.315447223	0.000787882277095525	0.00198406382639965	-0.0012590122525242
442.42520291709997	0.000767017315178635	0.0020013455222057	-0.00126008949566241
442.53495861119995	0.000745782777453454	0.00201771297141074	-0.00126116444526681
442.6447143053	0.000724216837113317	0.002033154353139	-0.00126223702245606
442.7544699994	0.000702357977914754	0.00204766032341742	-0.00126330727916291
442.8642256935	0.000680244055742766	0.00206122247668775	-0.00126437515822281
442.97398138759996	0.000657914443427281	0.00207383337120931	-0.001265440477291
443.0837370817	0.00063540793697501	0.00208548903169089	-0.00126650316198768
443.1934927758	0.000612763735977624	0.00209618431275869	-0.00126756313561464
443.3032484699	0.000590022121983454	0.00210591704894425	-0.00126862079137077
443.413004164	0.000567224460434903	0.00211468944951073	-0.00126967463428709
443.52275985809996	0.000544407820557131	0.00212250326283753	-0.00127072439013761
443.6325155522	0.000521610063857657	0.00212936478850962	-0.0012717692822926
443.7422712463	0.000498872060720292	0.00213527269532833	-0.00127281048040467
443.8520269404	0.000476208319940883	0.00214026250778401	-0.00127384663469543
443.96178263449997	0.00045368112483207	0.0021443082550733	-0.00127487701398815
444.07153832859996	0.000431305298473057	0.00214743570548766	-0.00127590243340102
444.1812940227	0.000409117731429668	0.00214964984748165	-0.00127692190394119
444.2910497168	0.000387151402252476	0.00215095947631775	-0.00127793536941559
444.4008054109	0.000365441106126241	0.00215137490765232	-0.00127894235809737
444.51056110499997	0.000344021495389332	0.00215090863490438	-0.00127994388151382
444.62031679909995	0.00032292707130711	0.00214957441487332	-0.00128093949440896
444.7300724932	0.000302188178713663	0.00214738489262455	-0.00128192954652335
444.8398281873	0.000281839747765295	0.00214435749280145	-0.00128291514949261
444.9495838814	0.000261908722232242	0.00214050044483839	-0.00128389440336888
445.05933957549996	0.000242441021695955	0.0021358540514102	-0.00128486963429472
445.1690952696	0.000223454523176729	0.00213041841646047	-0.00128583905763518
445.2788509637	0.000204981198691651	0.00212422051010814	-0.00128680430333379
445.3886066578	0.000187052211036358	0.00211728531013186	-0.00128776537398622
445.49836235189997	0.00016969339674967	0.00210963684438391	-0.00128872164991534
445.60811804599996	0.00015292947044116	0.00210129844942529	-0.00128967359116927
445.7178737401	0.000136784995522072	0.00209229574988551	-0.00129062173517513
445.8276294342	0.000121277719542852	0.00208266381741163	-0.00129156659786368
445.9373851283	0.00010645243216922	0.00207239984130393	-0.00129250860046239
446.04714082239997	9.22985963865033e-05	0.00206156440886258	-0.00129344847358183
446.15689651649996	7.88579950649809e-05	0.0020501663354304	-0.00129438668288411
446.2666522106	6.61491239298635e-05	0.00203823575597017	-0.00129532356013348
446.3764079047	5.41932586153898e-05	0.00202580311988925	-0.00129625960015247
446.4861635988	4.30087322766528e-05	0.00201289862464912	-0.00129719523543068
446.59591929289996	3.26128665994091e-05	0.00199955382827793	-0.00129813077745125
446.705674987	2.30219877011624e-05	0.0019858005919622	-0.00129906659589195
446.8154306811	1.42511680985836e-05	0.00197167161789289	-0.00130000245474255
446.9251863752	6.31424646084889e-06	0.00195720024178612	-0.00130093949570248
447.0349420693	-7.74985982811872e-07	0.00194241949179162	-0.00130187741109566
447.14469776339996	-7.00452550313707e-06	0.00192736485516567	-0.00130281644544748
447.2544534575	-1.23645183187249e-05	0.00191207262366727	-0.00130375658834186
447.3642091516	-1.68470310534407e-05	0.0018965789520708	-0.0013046983175716
447.4739648457	-2.04464337974377e-05	0.00188092079277103	-0.00130564187388585
447.58372053979997	-2.31584005503326e-05	0.00186513427853171	-0.00130658792034021
447.69347623389996	-2.49808259100355e-05	0.00184925201245696	-0.00130753614398093
447.803231928	-2.59110604442492e-05	0.00183331213224176	-0.00130848594786075
447.9129876221	-2.59488184541664e-05	0.00181735098641629	-0.00130943746269433
448.0227433162	-2.50959588540572e-05	0.0018014044090411	-0.00131039074974964
448.13249901029997	-2.33554179962094e-05	0.00178550712796253	-0.00131134557008543
448.24225470439995	-2.07315003726877e-05	0.00176969364288301	-0.00131230192813413
448.3520103985	-1.72296613227774e-05	0.00175399754115328	-0.00131326036518831
448.4617660926	-1.28572114520669e-05	0.00173845454408304	-0.00131422007624715
448.5715217867	-7.62196467055728e-06	0.00172309615408514	-0.0013151815804256
448.68127748079996	-1.53322543368969e-06	0.00170795473743737	-0.0013161442642967
448.7910331749	5.40028765008612e-06	0.00169306268846712	-0.00131710798086996
448.900788869	1.31692084009633e-05	0.00167845050409353	-0.00131807262909794
449.0105445631	2.17634122976739e-05	0.00166415084129283	-0.00131903789301694
449.1203002572	3.11712445790206e-05	0.0016501957549102	-0.00132000346679987
449.23005595129996	4.137939505591e-05	0.00163661720374837	-0.00132096890382739
449.3398116454	5.2373209325145e-05	0.00162344726446748	-0.00132193358556056
449.4495673395	6.41368013746989e-05	0.0016107167714044	-0.00132289685611912
449.5593230336	7.66538887029672e-05	0.00159845667642245	-0.00132385817026995
449.66907872769997	8.99067896822203e-05	0.00158669855086524	-0.0013248171286518
449.77883442179996	0.000103876600077756	0.00157547236644233	-0.0013257729890875
449.8885901159	0.000118541640225119	0.00156480909308927	-0.00132672554733521
449.99834581	0.000133878784075427	0.0015547379848155	-0.0013276744613497
450.1081015041	0.000149863449921646	0.00154528766846047	-0.00132861922843948
450.21785719819997	0.000166469649267502	0.00153648574189533	-0.00132956061848446
450.32761289229995	0.000183668552271626	0.00152835729606625	-0.00133049827665237
450.4373685864	0.000201428043243415	0.00152093280657578	-0.00133143240644827
450.5471242805	0.000219720361622532	0.00151422029155919	-0.00133236224623091
450.6568799746	0.000238508905391109	0.00150824863468322	-0.00133328821769171
450.76663566869996	0.000257766220098865	0.00150302769832193	-0.00133421045458362
450.8763913628	0.000277462433646611	0.0014985717957948	-0.00133512901621066
450.9861470569	0.000297567832588256	0.00149489355514085	-0.00133604395049425
451.095902751	0.000318054071514985	0.00149200589228571	-0.00133695594745656
451.20565844509997	0.000338892525231177	0.00148992110349667	-0.00133786465795552
451.31541413919996	0.000360052080300869	0.00148865393714886	-0.00133877028704625
451.4251698333	0.000381506821865817	0.00148821696388383	-0.00133967346825237
451.5349255274	0.000403221876415184	0.00148861595980512	-0.00134057338211373
451.6446812215	0.000425171786385973	0.0014898710746141	-0.00134147027179952
451.75443691559997	0.000447313080144125	0.00149197206897346	-0.00134236444037815
451.86419260969996	0.000469625808775252	0.00149494550801816	-0.00134325608889487
451.9739483038	0.000492072940015825	0.00149878926717609	-0.00134414544499648
452.0837039979	0.000514622152514968	0.00150351065806311	-0.00134503283089279
452.193459692	0.000537240085529066	0.00150911244694403	-0.00134591867584378
452.30321538609996	0.000559893688272341	0.00151559626990927	-0.00134680336921763
452.41297108019995	0.000582550359241722	0.00152296225750948	-0.00134768705534833
452.5227267743	0.000605176019599399	0.0015312127623759	-0.00134856973876537
452.6324824684	0.000627742116437782	0.00154034498395548	-0.00134945130123939
452.7422381625	0.000650212787738823	0.00155035927975769	-0.00135033165383383
452.85199385659996	0.000672555056909665	0.00156125265750723	-0.00135121028653161
452.9617495507	0.00069473542454906	0.00157302044726223	-0.00135208672614488
453.0715052448	0.000716725004085182	0.00158565101448766	-0.00135296098988022
453.1812609389	0.000738471237915916	0.00159915874997119	-0.00135383182241917
453.29101663299997	0.000759979551092458	0.00161350135711509	-0.00135470083563602
453.40077232709996	0.000781188675182171	0.00162869311822303	-0.0013555664607551
453.5105280212	0.000802076402949063	0.00164471860678225	-0.00135642837698043
453.6202837153	0.000822611561631157	0.00166156715407169	-0.00135728605152048
453.7300394094	0.000842764157093251	0.00167922714175377	-0.00135813940373412
453.83979510349997	0.000862504407291903	0.00169768740154371	-0.00135898839597237
453.94955079759995	0.000881800193209324	0.00171693425754943	-0.0013598330110438
454.0593064917	0.000900619931679838	0.00173695333087287	-0.0013606733482544
454.1690621858	0.000918931317815135	0.001757726602772	-0.00136150949753096
454.2788178799	0.000936702764000189	0.00177923524749819	-0.00136234169683249
454.38857357399996	0.00095390554642212	0.00180145637230472	-0.00136317023981008
454.4983292681	0.000970516368335459	0.00182437381194367	-0.00136399561689007
454.6080849622	0.000986493537815926	0.00184794405738579	-0.00136481764271049
454.7178406563	0.00100182779638689	0.00187215708127483	-0.00136563821293925
454.8275963504	0.0010164957087793	0.00189698881274857	-0.00136645630457348
454.93735204449996	0.00103046719149563	0.00192240453195849	-0.0013672720193857
455.0471077386	0.00104372756793703	0.00194838259254031	-0.00136808564237742
455.1568634327	0.00105625719074368	0.00197489449093649	-0.0013688972653509
455.2666191268	0.00106803768651977	0.00200191236512233	-0.0013697069388411
455.37637482089997	0.00107905215361751	0.00202940832263918	-0.00137051472355321
455.48613051499996	0.00108928546686116	0.00205735378122284	-0.00137132081248991
455.5958862091	0.00109872177330609	0.00208572212262218	-0.00137212633267029
455.7056419032	0.0011073453360387	0.00211448410697983	-0.00137292934575721
455.8153975973	0.00111514186029637	0.0021436089375809	-0.00137373137523725
455.92515329139997	0.00112209666771856	0.00217306734695755	-0.00137453242957471
456.03490898549995	0.00112820103836972	0.00220282058052835	-0.00137533292233321
456.1446646796	0.00113342417109898	0.0022328587771137	-0.00137613301158264
456.2544203737	0.00113779307697398	0.00226311195138	-0.00137693287389121
456.3641760678	0.00114127027991214	0.00229357256062289	-0.00137773275246293
456.47393176189996	0.00114386279058053	0.00232419797451565	-0.00137853296529234
456.583687456	0.00114556261776555	0.00235495696384627	-0.00137933371320055
456.6934431501	0.00114636790378348	0.00238581688792751	-0.00138013513632382
456.8031988442	0.00114627771632452	0.00241674523415078	-0.00138093820861555
456.91295453829997	0.00114529092254046	0.00244770976987548	-0.00138174103450494
457.02271023239996	0.00114340836816575	0.00247867876074611	-0.00138254488063183
457.1324659265	0.00114063053905514	0.00250962006467865	-0.00138334957130869
457.2422216206	0.00113695954926481	0.00254050115656108	-0.00138415509130193
457.3519773147	0.00113239795434857	0.00257128973231762	-0.0013849608450226
457.46173300879997	0.00112695192034788	0.00260195215351327	-0.00138576789228536
457.57148870289996	0.00112062702641598	0.00263245692213834	-0.00138657549650572
457.681244397	0.00111343096294613	0.002662772276746	-0.00138738377051363
457.7910000911	0.00110537249333844	0.00269286718276453	-0.00138819274487375
457.9007557852	0.00109646068252944	0.00272271090567268	-0.00138900226844535
458.01051147929996	0.00108670502037271	0.00275227343055947	-0.00138981286714109
458.12026717339995	0.00107611853050378	0.00278152209817141	-0.00139062431471962
458.2300228675	0.00106471319147698	0.00281042728734029	-0.00139143620339845
458.3397785616	0.00105249718898036	0.00283896424638925	-0.00139224837607177
458.4495342557	0.00103949984763321	0.00286708584137158	-0.00139306121244756
458.55928994979996	0.00102570960034772	0.00289479631908046	-0.00139387418455625
458.6690456439	0.00101117720922077	0.0029220316028777	-0.00139468850240837
458.778801338	0.000995902285440042	0.00294878180634983	-0.00139550348484042
458.8885570321	0.000979909933775747	0.00297501721788333	-0.00139631910547897
458.99831272619997	0.000963222010680561	0.00300071317599777	-0.00139713551907018
459.10806842029996	0.000945862130349286	0.00302584588808509	-0.00139795215084068
459.2178241144	0.000927854234713407	0.00305039217111081	-0.00139876943475003
459.3275798085	0.00090922311648787	0.00307433122191375	-0.00139958753175421
459.4373355026	0.0008899938392678	0.00309764316789633	-0.00140040647937573
459.54709119669997	0.000870187026204424	0.00312030365048734	-0.00140122644913479
459.65684689079995	0.000849834843987186	0.00314230314829231	-0.0014020476067677
459.7666025849	0.000828963789304302	0.00316362139573032	-0.00140287009068937
459.876358279	0.000807586236228443	0.00318423643436309	-0.00140369448113156
459.9861139731	0.000785738454967129	0.00320413909630724	-0.00140452081099358
460.09586966719996	0.000763441345505374	0.00322330963201532	-0.00140534943958409
460.2056253613	0.000740722496089425	0.00324173095060934	-0.00140617967348873
460.3153810554	0.000717606471110726	0.00325938514335859	-0.00140701347068983
460.4251367495	0.000694127095480164	0.00327625916408665	-0.00140784975128299
460.5348924436	0.000670313931219739	0.00329233932337576	-0.00140868862875809
460.64464813769996	0.000646199303513816	0.0033076140095033	-0.00140953006505891
460.7544038318	0.000621815701100117	0.00332207341866085	-0.00141037393849829
460.8641595259	0.000597195395188076	0.00333570882455816	-0.0014112199657824
460.97391522	0.000572371063000935	0.00334851247242457	-0.0014120675526836
461.08367091409997	0.000547376010772674	0.00336047820799495	-0.00141291738240655
461.19342660819996	0.000522246249753348	0.00337159578649425	-0.00141376883066563
461.3031823023	0.000496995863057857	0.00338188578846064	-0.00141462108608066
461.4129379964	0.000471694747370971	0.00339131112697141	-0.001415475034919
461.5226936905	0.000446348381451956	0.00339989528944077	-0.00141632992362633
461.63244938459997	0.00042099849092056	0.00340763297585754	-0.00141718557725625
461.74220507869995	0.000395672893799682	0.00341453217431746	-0.00141804160917256
461.8519607728	0.000370413017915909	0.00342058847192186	-0.00141889746182835
461.9617164669	0.000345246965571539	0.0034258114766009	-0.00141975286444698
462.071472161	0.000320209002798304	0.00343020666639014	-0.00142060709855015
462.18122785509996	0.000295332665513022	0.00343378091401387	-0.0014214593333861
462.2909835492	0.000270650781548395	0.00343654437111228	-0.00142230997645759
462.4007392433	0.000246191550599872	0.00343850098283751	-0.00142315811430992
462.5104949374	0.000222001094346074	0.00343968436880723	-0.00142400336366623
462.62025063149997	0.000198093173890252	0.00344008584413602	-0.00142484532123503
462.73000632559996	0.000174508197090623	0.0034397339019668	-0.001425683591736
462.8397620197	0.000151268863350634	0.00343863675704773	-0.0014265175107365
462.9495177138	0.000128406724994978	0.00343681354997106	-0.00142734666867504
463.0592734079	0.000105948867629085	0.00343428281198385	-0.00142817141715197
463.16902910199997	8.39234880741411e-05	0.00343106506602433	-0.00142899077427915
463.27878479609996	6.23564443474571e-05	0.00342718079608648	-0.00142980464272547
463.3885404902	4.12733676830523e-05	0.00342265239491296	-0.00143061264343741
463.4982961843	2.0698464691011e-05	0.00341750270056508	-0.00143141425496284
463.6080518784	6.5513570288001e-07	0.00341175574210689	-0.00143220968707585
463.71780757249996	-1.88345873973462e-05	0.00340543688738854	-0.00143299838207141
463.82756326659995	-3.77497071406597e-05	0.00339857219004287	-0.00143378005592713
463.9373189607	-5.60710982078488e-05	0.00339118809006078	-0.00143455448529734
464.0470746548	-7.37802687709411e-05	0.0033833113168061	-0.00143532139012111
464.1568303489	-9.08588199393689e-05	0.00337496947419314	-0.00143608058315286
464.26658604299996	-0.000107290544841864	0.00336619275991947	-0.00143683111301525
464.3763417371	-0.000123058046636696	0.00335700612848864	-0.00143757460814586
464.4860974312	-0.000138146372035365	0.00334744298988719	-0.00143831025671135
464.5958531253	-0.000152548377260283	0.00333753805698272	-0.00143903817164094
464.70560881939997	-0.000166247719744295	0.00332731763772059	-0.00143975791321486
464.81536451349996	-0.000179235293463817	0.00331681415870509	-0.00144047078631617
464.9251202076	-0.000191500805522276	0.00330605936805369	-0.00144117646064868
465.0348759017	-0.000203039791183482	0.00329509274208803	-0.00144187508804153
465.1446315958	-0.000213840454207084	0.00328393502745314	-0.00144256687245716
465.25438728989997	-0.000223906276816065	0.00327263151850547	-0.0014432520861598
465.36414298399995	-0.000233232146598072	0.00326121233661345	-0.00144393091559247
465.4738986781	-0.000241818256657927	0.00324971049018582	-0.00144460355341463
465.5836543722	-0.000249666759928135	0.00323815928046945	-0.00144527009548602
465.6934100663	-0.000256782717611383	0.00322658988198872	-0.00144593066555926
465.80316576039996	-0.000263170832216352	0.00321503412146925	-0.0014465852734747
465.9129214545	-0.000268836968069089	0.00320352175546198	-0.00144723394234516
466.0226771486	-0.000273788617937627	0.0031920824217596	-0.00144787681492473
466.1324328427	-0.000278033191116613	0.00318074506625894	-0.00144851283821151
466.2421885368	-0.000281579595009851	0.0031695373504467	-0.00144914441452804
466.35194423089996	-0.000284437086617633	0.00315848565519839	-0.00144977053788593
466.461699925	-0.000286613664194149	0.00314761962716685	-0.00145039124569346
466.5714556191	-0.000288121794156723	0.00313696489831141	-0.00145100672621217
466.6812113132	-0.000288973158933559	0.00312654836331904	-0.00145161717384518
466.79096700729997	-0.000289180434386398	0.0031163963080381	-0.00145222295031217
466.90072270139996	-0.000288757690440742	0.00310653408562005	-0.00145282333008219
467.0104783955	-0.000287720860562128	0.00309698872154813	-0.00145342013959632
467.1202340896	-0.000286085196053554	0.00308778367112928	-0.00145401220169994
467.2299897837	-0.000283867696524288	0.00307894251747068	-0.00145459989910813
467.33974547779997	-0.000281085983598883	0.00307048885275855	-0.00145518347286421
467.44950117189995	-0.000277758666068911	0.0030624449600394	-0.00145576310346149
467.559256866	-0.000273905626063671	0.00305483239417926	-0.0014563390130756
467.6690125601	-0.000269546998849947	0.0030476714922879	-0.00145691141586752
467.7787682542	-0.000264703698374375	0.00304098243712277	-0.00145748053075452
467.88852394829996	-0.000259397734681272	0.00303478438149832	-0.00145804667820235
467.9982796424	-0.000253652489830004	0.00302909478557812	-0.00145861018084609
468.1080353365	-0.000247488655480622	0.00302393378469389	-0.00145917119360899
468.2177910306	-0.000240933633450397	0.00301931180057155	-0.0014597304244162
468.32754672469997	-0.000234008955526281	0.00301524636082689	-0.00146028821690521
468.43730241879996	-0.000226738653474497	0.00301175182016766	-0.00146084474651758
468.5470581129	-0.000219147159737857	0.00300884139328725	-0.00146140030340691
468.656813807	-0.000211259312158455	0.00300652755849454	-0.00146195506264732
468.7665695011	-0.000203099945097526	0.00300482251347888	-0.00146250912269108
468.87632519519997	-0.000194695302651585	0.00300373765997086	-0.00146306251744023
468.98608088929996	-0.000186071908250897	0.00300328365987085	-0.00146361524399261
469.0958365834	-0.000177256983406378	0.0030034700248778	-0.00146416735110275
469.2055922775	-0.000168278982407995	0.00300430508904887	-0.00146471894880836
469.3153479716	-0.000159166788349302	0.00300579616037847	-0.00146527004979006
469.42510366569996	-0.000149949206116222	0.00300794927529021	-0.00146582070529862
469.53485935979995	-0.000140655741209492	0.00301076883304759	-0.00146637097307841
469.6446150539	-0.000131316067711834	0.00301425734446073	-0.00146692088363047
469.754370748	-0.000121960040865146	0.00301841625323717	-0.00146747076158329
469.8641264421	-0.000112617115615912	0.00302324657519263	-0.00146801993064317
469.97388213619996	-0.000103317615975238	0.00302874619242596	-0.00146856863106823
470.0836378303	-9.40912466740302e-05	0.0030349141566058	-0.00146911658070259
470.1933935244	-8.49673319757753e-05	0.00304174560816463	-0.00146966359374785
470.3031492185	-7.597538134497e-05	0.00304923626921594	-0.00147020954213247
470.41290491259997	-6.71444341695467e-05	0.00305737994698619	-0.00147075420504977
470.52266060669996	-5.8503639510781e-05	0.00306616877083338	-0.00147129772494839
470.6324163008	-5.00801001991491e-05	0.00307559374888168	-0.00147183931263403
470.7421719949	-4.19018710488129e-05	0.00308564521338318	-0.00147237908062956
470.851927689	-3.3995054187743e-05	0.00309631296941647	-0.00147291692084639
470.96168338309997	-2.63856818457558e-05	0.00310758627634764	-0.0014734528038022
471.07143907719995	-1.91003865983608e-05	0.00311945322194628	-0.00147398651892952
471.1811947713	-1.21653451580657e-05	0.00313190126505567	-0.00147451786403706
471.2909504654	-5.6063616385245e-06	0.00314491631522043	-0.00147504723118242
471.4007061595	5.50430721418122e-07	0.00315848297121067	-0.00147557467275896
471.51046185359996	6.28011099488242e-06	0.00317258405749297	-0.00147610058523546
471.62021754769995	1.15585314702589e-05	0.00318720124205001	-0.00147662480384358
471.7299732418	1.6362345947549e-05	0.00320231564590697	-0.00147714745970733
471.8397289359	2.06691972002297e-05	0.00321790626673161	-0.00147766873706153
471.94948463	2.4458297161294e-05	0.003233951738555	-0.00147818872658263
472.05924032409996	2.77097604626732e-05	0.00325042944035128	-0.0014787075427061
472.1689960182	3.04048506610722e-05	0.00326731648692675	-0.00147922539393248
472.2787517123	3.25254800015541e-05	0.00328458909122495	-0.00147974241262295
472.3885074064	3.40546814511524e-05	0.00330222313844713	-0.00148025894645938
472.49826310049997	3.49764494525483e-05	0.00332019296521073	-0.0014807752112555
472.60801879459996	3.52760978337099e-05	0.0033384728274757	-0.00148129143783258
472.7177744887	3.49399814693771e-05	0.00335703595056333	-0.0014818079045095
472.8275301828	3.39564944716201e-05	0.00337585552671429	-0.00148232479074562
472.9372858769	3.23197541172627e-05	0.00339489714057535	-0.00148284247772323
473.04704157099997	2.99987379615703e-05	0.00341416115700516	-0.00148336115275461
473.15679726509995	2.70140611697928e-05	0.003433586113549	-0.00148388092826546
473.2665529592	2.33371828001744e-05	0.00345316237604557	-0.00148440186395318
473.3763086533	1.89668341665971e-05	0.00347285770827779	-0.00148492419691251
473.4860643474	1.38938803611007e-05	0.00349264639791761	-0.00148544788921511
473.59582004149996	8.11341791406777e-06	0.00351249823342744	-0.00148597213095176
473.7055757356	1.62123470597585e-06	0.00353238538100835	-0.0014864981739321
473.8153314297	-5.58539739050513e-06	0.00355227736226103	-0.00148702610930087
473.9250871238	-1.3508228587897e-05	0.00357214475752006	-0.00148755550351432
474.03484281789997	-2.21475540437866e-05	0.00359195841790706	-0.00148808626481509
474.14459851199996	-3.15030853934532e-05	0.00361168894783699	-0.0014886183062722
474.2543542061	-4.15728683972076e-05	0.00363130661409367	-0.0014891515779452
474.3641099002	-5.23535851554507e-05	0.00365078261621993	-0.00148968590308377
474.4738655943	-6.38414875136392e-05	0.00367008758436108	-0.00149022122450706
474.58362128839997	-7.603068010034e-05	0.00368919222647675	-0.00149075756163333
474.69337698249996	-8.89148370971704e-05	0.00370806796581404	-0.00149129484678164
474.8031326766	-0.000102486566885586	0.00372668577797765	-0.00149183304460761
474.9128883707	-0.000116737414863259	0.00374501772180407	-0.00149237212241183
475.0226440648	-0.00013165706037104	0.00376303486043625	-0.00149291205812273
475.13239975889996	-0.000147234644406887	0.00378070977841938	-0.00149345283643979
475.24215545299995	-0.00016345701699924	0.00379801502024633	-0.00149399444475518
475.3519111471	-0.000180311547343851	0.00381492442702428	-0.00149453688298969
475.4616668412	-0.000197783375881789	0.00383141139834111	-0.00149507885562836
475.5714225353	-0.000215857502830744	0.00384745097783392	-0.00149562290680522
475.68117822939996	-0.000234517797101764	0.00386301736372323	-0.00149616806349145
475.7909339235	-0.000253747077110361	0.00387808647602686	-0.00149671408168715
475.9006896176	-0.000273527672365303	0.00389263447726351	-0.0014972611494599
476.0104453117	-0.000293839919037991	0.0039066380883334	-0.00149780931483855
476.12020100579997	-0.000314663891893819	0.00392007509618062	-0.00149835873919534
476.22995669989996	-0.00033597861472838	0.00393292370982134	-0.00149890957364672
476.339712394	-0.00035776711371572	0.00394515722830186	-0.00149946199616946
476.4494680881	-0.000380000112331099	0.003956762096063	-0.00150001626752779
476.5592237822	-0.000402660888084814	0.00396770544671902	-0.00150057256555556
476.66897947629997	-0.00042571138494979	0.00397798483649352	-0.00150113108172898
476.77873517039995	-0.000449143124307398	0.00398756736883115	-0.00150169197841386
476.8884908645	-0.000472916786891656	0.00399643523015251	-0.00150225567146505
476.9982465586	-0.000497009420071316	0.0040045758354928	-0.00150282242906979
477.1080022527	-0.000521392723551986	0.00401197316607728	-0.00150339150109617
477.21775794679996	-0.000546034882142459	0.00401860744844282	-0.00150396360653368
477.32751364089995	-0.000570910651597155	0.00402447818518378	-0.00150453897874101
477.437269335	-0.000595981502785379	0.00402956259400097	-0.00150511792367903
477.5470250291	-0.000621219159689553	0.00403385365667724	-0.00150570074246112
477.6567807232	-0.000646590770367953	0.00403734403397985	-0.00150628699882323
477.76653641729996	-0.000672063174884493	0.00404002546856074	-0.0015068771193569
477.8762921114	-0.000697601936206925	0.00404189310746497	-0.00150747101374249
477.9860478055	-0.000723173328497903	0.00404294397033348	-0.00150806853947248
478.0958034996	-0.000748742698688882	0.00404317493149128	-0.00150867010952852
478.20555919369997	-0.000774276765651569	0.00404258672798817	-0.00150927589180934
478.31531488779996	-0.000799741600783501	0.00404118028489988	-0.00150988576206923
478.4250705819	-0.000825103374960005	0.00403895824897783	-0.0015104995794017
478.534826276	-0.000850329236858849	0.00403592494953808	-0.00151111728304659
478.6445819701	-0.000875385925923206	0.00403208639821008	-0.00151173874753043
478.75433766419997	-0.000900240617263137	0.00402744963957858	-0.00151236393482552
478.86409335829995	-0.00092486143294392	0.00402202273515724	-0.00151299283986715
478.9738490524	-0.000949217171445958	0.00401581559577076	-0.00151362549244711
479.0836047465	-0.000973281306202856	0.0040088313796783	-0.00151426195386624
479.1933604406	-0.000997008895650931	0.00400110257911045	-0.00151490236770124
479.30311613469996	-0.00102038662186675	0.003992619906319	-0.00151554678150921
479.4128718288	-0.00104337490533687	0.0039834116587676	-0.00151619533302218
479.5226275229	-0.00106595045987363	0.00397348591674213	-0.00151684806823592
479.632383217	-0.00108808474700743	0.00396286545058123	-0.00151750408131232
479.74213891109997	-0.00110974275827012	0.0039515541045946	-0.00151816534311289
479.85189460519996	-0.00113092074937573	0.00393959333093456	-0.00151883070300195
479.9616502993	-0.00115157308661456	0.00392698548831221	-0.00151949982413965
480.0714059934	-0.0011716819954805	0.0039137547981368	-0.0015201726909997
480.1811616875	-0.00119122256874857	0.00389992328146772	-0.00152084916099767
480.29091738159997	-0.00121016995058278	0.00388550969373002	-0.00152152812430297
480.40067307569996	-0.00122850640268869	0.00387054044339198	-0.0015222112146336
480.5104287698	-0.00124620751717662	0.00385503678640616	-0.00152289719921143
480.6201844639	-0.00126325134989895	0.00383902286473483	-0.00152358599541459
480.729940158	-0.00127961805881244	0.00382252471353018	-0.00152427733009331
480.83969585209996	-0.00129528907550522	0.00380556874122497	-0.0015249708218089
480.94945154619995	-0.0013102461929571	0.00378818229861854	-0.0015256663079885
481.0592072403	-0.00132447308794956	0.0037703930557187	-0.00152636351613526
481.1689629344	-0.00133795414295882	0.00375223084783553	-0.00152706210739711
481.2787186285	-0.00135067456629429	0.00373372455811886	-0.00152776198057598
481.38847432259996	-0.00136262138460269	0.00371490387656844	-0.00152846292420645
481.4982300167	-0.00137378209522449	0.00369579999246937	-0.00152916476073469
481.6079857108	-0.00138163055687304	0.00368130462020399	-0.0015296915313747
481.7177414049	-0.00139370466314361	0.00365686629937846	-0.00153056971869263
481.82749709899997	-0.00140244809693935	0.00363710017681953	-0.00153127391419349
481.93725279309996	-0.00141036999327259	0.00361717748144205	-0.0015319786546548
482.0470084872	-0.00141746413284056	0.00359713125514416	-0.00153268404025844
482.1567641813	-0.00142372652116013	0.00357699414231798	-0.00153339029278027
482.2665198754	-0.00142915379902837	0.0035567997435406	-0.00153409723532286
482.37627556949997	-0.00143374509471714	0.00353658201355716	-0.00153480381607125
482.48603126359995	-0.00143749864345645	0.00351637183510037	-0.001535512136615
482.5957869577	-0.00144041697675913	0.0034962061583009	-0.00153622090845834
482.7055426518	-0.00144250216546205	0.00347611697268483	-0.00153693032120081
482.8152983459	-0.00144375791975991	0.00345613912844318	-0.00153764036897827
482.92505403999996	-0.00144419036204099	0.00343630611158267	-0.00153835107547645
483.03480973409995	-0.00144380698855622	0.00341665142657576	-0.00153906231521905
483.1445654282	-0.00144261724626484	0.0033972081149612	-0.00153977402308987
483.2543211223	-0.00144063242370415	0.00337800763872532	-0.00154048601104325
483.3640768164	-0.00143786401156463	0.00335908118836277	-0.00154119828676567
483.47383251049996	-0.00143432488979502	0.00334045948333169	-0.00154191079527228
483.5835882046	-0.00143002935061262	0.00332217264171406	-0.00154262346046486
483.6933438987	-0.00142498700274994	0.00330424548401682	-0.00154333639040546
483.8030995928	-0.00141922086190305	0.00328671416749611	-0.00154404923819095
483.91285528689997	-0.00141274457975767	0.00326960818420621	-0.00154476284157367
484.02261098099996	-0.00140557086307887	0.00325294367645208	-0.00154547667704779
484.1323666751	-0.00139772584982376	0.00323675913193979	-0.00154619131790823
484.2421223692	-0.00138922615560863	0.00322107486571538	-0.00154690590076592
484.3518780633	-0.00138009271497622	0.00320591768977512	-0.00154762040976013
484.46163375739997	-0.00137034821250984	0.00319131127343103	-0.00154833476471273
484.57138945149995	-0.00136001600978274	0.0031772800673022	-0.00154904878296704
484.6811451456	-0.00134912062245504	0.00316384611222499	-0.00154976267769061
484.7909008397	-0.00133768553852062	0.00315103143670014	-0.00155047453750296
484.9006565338	-0.00132573786353427	0.00313885732758977	-0.00155118496148845
485.01041222789996	-0.00131330389964478	0.0031273436945278	-0.00155189346895064
485.120167922	-0.00130041192874131	0.0031165085939335	-0.00155259995839003
485.2299236161	-0.00128709075370954	0.00310636982736137	-0.00155330423892154
485.3396793102	-0.0012733694151131	0.00309694328734265	-0.00155400622638304
485.44943500429997	-0.00125927898047322	0.00308824324957872	-0.00155470563746708
485.55919069839996	-0.00124484928578245	0.00308028273510748	-0.00155540272815938
485.6689463925	-0.00123011085777321	0.00307307322454942	-0.00155609630510782
485.7787020866	-0.00121509446455359	0.00306662557640326	-0.00155678864719789
485.8884577807	-0.00119983106013659	0.00306094885289164	-0.00155747903431168
485.99821347479997	-0.00118435194397082	0.00305605133469909	-0.00155816520107407
486.10796916889996	-0.001168688012144	0.0030519401897983	-0.00155885069687513
486.217724863	-0.00115287140833891	0.00304862278679422	-0.00155953342468964
486.3274805571	-0.00113693450123084	0.00304610423970877	-0.00156021376024201
486.4372362512	-0.00112091116951526	0.00304438821836044	-0.00156089162240988
486.54699194529996	-0.00110483487932681	0.00304347669902994	-0.00156156705253381
486.65674763939995	-0.00108873883353333	0.00304336975572034	-0.00156224005533919
486.7665033335	-0.00107265634170635	0.00304406598561296	-0.00156291066788216
486.8762590276	-0.00105661926174921	0.00304556274235106	-0.00156357813238396
486.9860147217	-0.00104065951855482	0.00304785655091023	-0.00156424416711022
487.09577041579996	-0.00102480911999081	0.00305094294325512	-0.00156490776988807
487.2055261099	-0.00100910001604246	0.00305481648168673	-0.00156556924065319
487.315281804	-0.000993564081081998	0.00305947039532241	-0.00156622875701679
487.4250374981	-0.000978232453435726	0.00306489666045377	-0.00156688612232481
487.53479319219997	-0.000963136868610029	0.00307108610102188	-0.00156754161441426
487.64454888629996	-0.000948307669841797	0.0030780276868978	-0.00156819626850663
487.7543045804	-0.000933775357809102	0.00308570961960255	-0.00156884929646087
487.8640602745	-0.000919570010329275	0.00309411902512179	-0.00156950109032578
487.9738159686	-0.00090572074204611	0.00310324187477541	-0.00157015178773898
488.08357166269997	-0.000892255725243672	0.00311306293217771	-0.00157080154371992
488.19332735679995	-0.000879203459157957	0.00312356786467298	-0.00157145053349389
488.3030830509	-0.000866593222615903	0.00313473682100869	-0.00157209900586396
488.412838745	-0.000854450413756037	0.00314655375489341	-0.0015727470145074
488.5225944391	-0.00084280760765745	0.0031589958709595	-0.00157339451036525
488.63235013319996	-0.000831668423391511	0.00317206287735565	-0.00157404173265068
488.74210582729995	-0.000821092826090481	0.00318569711472704	-0.00157468870838868
488.8518615214	-0.000811081729198561	0.00319990377865597	-0.0015753355179018
488.9616172155	-0.000801664556673757	0.00321465021724178	-0.00157598230642274
489.0713729096	-0.000792863630677385	0.00322991299836978	-0.00157662918422468
489.18112860369996	-0.000784700393272084	0.00324566491558852	-0.00157727616440812
489.2908842978	-0.000777194391716652	0.00326187873007199	-0.0015779233001734
489.4006399919	-0.000770365292142498	0.00327852746904326	-0.00157857007737338
489.510395686	-0.000764231425037903	0.00329558267340695	-0.00157921693534193
489.62015138009997	-0.000758809808376716	0.00331301511942172	-0.00157986421454094
489.72990707419996	-0.000754116464623143	0.00333079506206732	-0.00158051150759306
489.8396627683	-0.000750165318880405	0.00334889049237612	-0.00158115850877931
489.9494184624	-0.00074697045728745	0.00336727103052223	-0.00158180469455954
490.0591741565	-0.000744542895523251	0.00338590468509652	-0.00158245014330494
490.16892985059997	-0.000742900711229098	0.0034047635788369	-0.00158309453538745
490.27868554469995	-0.000742032970097446	0.00342380121732825	-0.00158373753044603
490.3884412388	-0.000741966834674981	0.00344299812459401	-0.0015843789036227
490.4981969329	-0.000742707080619678	0.00346232120093976	-0.00158501778958386
490.607952627	-0.000744254055673405	0.00348173063852835	-0.00158565388437897
490.71770832109996	-0.000746616956672701	0.00350119728361921	-0.00158628700331201
490.82746401519995	-0.000749798488859953	0.00352068599253518	-0.00158691676137439
490.9372197093	-0.00075380152916101	0.00354016152761794	-0.00158754291529985
491.0469754034	-0.000758626357866717	0.00355958862138152	-0.0015881652072205
491.15673109749997	-0.000764271919048989	0.00357893143265472	-0.00158878346504713
491.26648679159996	-0.000770736444305233	0.0035981544974631	-0.00158939724696217
491.3762424857	-0.000778015483147224	0.0036172218170535	-0.00159000699412627
491.4859981798	-0.000786103546544443	0.00363609836955498	-0.00159061269221966
491.5957538739	-0.00079499349083898	0.0036547482646854	-0.00159121449465096
491.70550956799997	-0.000804676596382998	0.00367313627073828	-0.00159181266074348
491.81526526209996	-0.000815142249345702	0.00369122718107492	-0.00159240758566946
491.9250209562	-0.000826378614029638	0.00370898628361879	-0.00159299970316678
492.0347766503	-0.000838371950707562	0.00372637913668393	-0.00159358919141705
492.1445323444	-0.000851107067055519	0.00374337188223969	-0.00159417703270167
492.25428803849996	-0.000864566153503611	0.00375993146248942	-0.00159476329120981
492.36404373259995	-0.000878730839965998	0.00377602570162138	-0.0015953482462235
492.4737994267	-0.00089357932471172	0.00379162371059113	-0.00159593245750375
492.5835551208	-0.000909090562022443	0.00380669555473604	-0.00159651619256803
492.6933108149	-0.000925241253305955	0.00382121313199238	-0.0015970997636433
492.80306650899996	-0.00094201195799553	0.00383514040369953	-0.00159768326753579
492.9128222031	-0.00095936356048516	0.00384847165873957	-0.0015982669936721
493.0225778972	-0.000977284133591323	0.0038611616367773	-0.00159885130682796
493.1323335913	-0.000995742014012146	0.00387319218057456	-0.00159943573024958
493.24208928539997	-0.00101470895425719	0.00388454100249298	-0.00160002097453622
493.35184497949996	-0.00103415818562855	0.00389518479091861	-0.00160060714692965
493.4616006736	-0.00105405965650177	0.00390510299552582	-0.00160119447764089
493.5713563677	-0.00107438373936609	0.00391427506180442	-0.00160178313141253
493.6811120618	-0.00109509886807543	0.00392268200145815	-0.00160237337913614
493.79086775589997	-0.00111617300727415	0.00393030660403042	-0.00160296542770077
493.90062344999996	-0.00113757259489725	0.00393713216716834	-0.00160355947246735
494.0103791441	-0.00115926485689598	0.00394314419573736	-0.00160415571671311
494.1201348382	-0.00118121492492138	0.00394832951092481	-0.00160475431728671
494.2298905323	-0.00120338910706256	0.00395267648893177	-0.00160535541233603
494.33964622639996	-0.00122575215776563	0.00395617314057362	-0.0016059591895197
494.44940192049995	-0.00124827342084208	0.00395881481241471	-0.00160656588320092
494.5591576146	-0.00127091001030905	0.00396058530219784	-0.0016071749750014
494.6689133087	-0.00129363224961182	0.00396148221894775	-0.00160778772446003
494.7786690028	-0.00131640208735226	0.00396149818859909	-0.00160840456280223
494.88842469689996	-0.00133918315231026	0.00396062767917666	-0.00160902529223303
494.998180391	-0.00136193660893575	0.00395886671103622	-0.00160965016369021
495.1079360851	-0.00138462385554433	0.00395621301905281	-0.00161027927781742
495.2176917792	-0.00140720513302505	0.00395266624407428	-0.00161091274442236
495.32744747329997	-0.00142964041934815	0.00394822775642737	-0.00161155054999642
495.43720316739996	-0.00145188974894035	0.00394290099846473	-0.00161219268654049
495.5469588615	-0.00147391317907206	0.00393669209578655	-0.00161283904843622
495.6567145556	-0.00149567020324381	0.00392960867258704	-0.00161348960503749
495.7664702497	-0.0015171210475941	0.00392166209305767	-0.00161414446459728
495.87622594379997	-0.00153822280495024	0.00391286062408586	-0.00161480259228201
495.98598163789995	-0.0015589414348821	0.00390322078992418	-0.00161546665639637
496.095737332	-0.0015792394134058	0.00389275283970006	-0.00161613511164096
496.2054930261	-0.00159907146241689	0.00388148101194421	-0.00161680792640254
496.3152487202	-0.00161840714078031	0.00386941298396672	-0.00161748656713815
496.42500441429996	-0.00163719812743528	0.00385658942434018	-0.00161817093423146
496.53476010839995	-0.00165542220198531	0.00384301376056083	-0.00161886151872937
496.6445158025	-0.00167303914325435	0.00382871977913472	-0.00161955879239572
496.7542714966	-0.00169001848308046	0.00381373249996081	-0.00162026327885973
496.86402719069997	-0.00170632791116428	0.00379808051316832	-0.00162097526628604
496.97378288479996	-0.0017219389343905	0.00378179592164082	-0.00162169478092267
497.0835385789	-0.00173682010027399	0.00376490357781219	-0.00162242254111509
497.193294273	-0.00175094651938424	0.00374744122162929	-0.00162315827027706
497.3030499671	-0.00176429172318877	0.00372944020284677	-0.00162390243506971
